Date,TempAvgF,HumidityAvgPercent,VisibilityAvgMiles,PrecipitationSumInches,Events
21/12/2013,60,75,7,0.46,"Rain , Thunderstorm"
22/12/2013,48,68,10,0, 
23/12/2013,,,,0, 
24/12/2013,46,56,10,0, 
25/12/2013,,,10,T, 
26/12/2013,48,63,,0, 
27/12/2013,53,65,9,T, 
28/12/2013,,64,,T, 
29/12/2013,50,,10,0, 
30/12/2013,40,,,0, 
31/12/2013,,54,10,0, 
01/01/2014,54,,10,0, 
02/01/2014,44,55,,0, 
03/01/2014,43,49,10,0, 
04/01/2014,57,68,10,0, 
05/01/2014,47,59,10,0, 
06/01/2014,29,38,10,0, 
07/01/2014,35,43,10,0, 
08/01/2014,47,75,2,0.16,Rain
09/01/2014,62,80,4,0,Fog
10/01/2014,65,81,8,0.1,Rain
11/01/2014,62,53,9,0, 
12/01/2014,57,68,10,0.01,Rain
13/01/2014,57,51,9,0, 
14/01/2014,57,41,10,0, 
15/01/2014,52,35,10,0, 
16/01/2014,56,38,10,0, 
17/01/2014,54,31,10,0, 
18/01/2014,54,45,10,0, 
19/01/2014,59,39,10,0, 
20/01/2014,64,44,10,0, 
21/01/2014,51,39,10,0, 
22/01/2014,54,45,10,0, 
23/01/2014,42,64,8,0.06,"Rain , Snow"
24/01/2014,33,60,9,0.05, 
25/01/2014,48,53,10,0, 
26/01/2014,60,52,10,0, 
27/01/2014,47,44,10,0.02,Rain
28/01/2014,33,48,10,0.05,Rain
29/01/2014,38,42,10,0, 
30/01/2014,48,64,10,0, 
31/01/2014,68,64,10,0, 
01/02/2014,66,71,10,T,Rain
02/02/2014,45,69,8,0.02,Rain
03/02/2014,40,74,6,0, 
04/02/2014,53,68,6,0.15,Rain
05/02/2014,40,60,10,0, 
06/02/2014,29,54,10,0, 
07/02/2014,34,68,7,0, 
08/02/2014,51,63,7,0, 
09/02/2014,59,70,5,0,Fog
10/02/2014,48,74,8,T,Rain
11/02/2014,35,80,5,0.1,Rain
12/02/2014,45,57,9,0, 
13/02/2014,51,58,10,0, 
14/02/2014,67,51,10,0, 
15/02/2014,59,43,10,0, 
16/02/2014,68,74,5,0,Fog
17/02/2014,70,52,8,0, 
18/02/2014,69,55,10,0, 
19/02/2014,73,70,9,0, 
20/02/2014,70,48,9,0, 
21/02/2014,57,43,10,0, 
22/02/2014,63,53,10,0, 
23/02/2014,74,57,10,0, 
24/02/2014,66,65,9,0, 
25/02/2014,62,85,4,T,Rain
26/02/2014,44,63,8,0.11,Rain
27/02/2014,45,56,10,0, 
28/02/2014,62,60,10,0, 
01/03/2014,68,74,7,0,Fog
02/03/2014,51,79,8,0.08,Rain
03/03/2014,36,56,9,0.08,"Rain , Thunderstorm"
04/03/2014,40,72,8,0.17,Rain
05/03/2014,46,76,7,0, 
06/03/2014,54,62,8,0, 
07/03/2014,53,65,9,0, 
08/03/2014,52,88,3,0.74,"Rain , Thunderstorm"
09/03/2014,49,71,9,0.11,Rain
10/03/2014,61,69,9,0.01,Rain
11/03/2014,70,66,9,0, 
12/03/2014,60,36,10,0, 
13/03/2014,52,35,10,0, 
14/03/2014,62,68,10,0, 
15/03/2014,68,81,5,0.07,"Fog , Rain"
16/03/2014,56,66,10,0, 
17/03/2014,55,36,10,0, 
18/03/2014,65,49,10,0, 
19/03/2014,62,52,9,0, 
20/03/2014,59,52,10,0, 
21/03/2014,67,69,8,0,Fog
22/03/2014,69,80,7,0, 
23/03/2014,54,62,10,0, 
24/03/2014,58,58,10,0, 
25/03/2014,57,61,10,0, 
26/03/2014,60,57,10,T,Rain
27/03/2014,72,78,7,0.01,Rain
28/03/2014,76,64,8,0,Thunderstorm
29/03/2014,64,43,10,0, 
30/03/2014,62,56,10,0, 
31/03/2014,73,65,10,0, 
01/04/2014,76,71,8,0, 
02/04/2014,76,78,9,T,Rain
03/04/2014,77,74,8,T, 
04/04/2014,64,58,10,T,Rain
05/04/2014,60,48,10,T, 
06/04/2014,57,76,7,0.2,"Rain , Thunderstorm"
07/04/2014,62,69,9,0.27,"Rain , Thunderstorm"
08/04/2014,64,57,10,0, 
09/04/2014,65,51,10,0, 
10/04/2014,72,59,10,0, 
11/04/2014,73,65,10,0, 
12/04/2014,75,66,10,0, 
13/04/2014,73,79,9,T, 
14/04/2014,58,65,8,1.34,"Fog , Rain , Thunderstorm"
15/04/2014,52,39,10,0, 
16/04/2014,57,56,10,0, 
17/04/2014,62,85,7,0.06,Rain
18/04/2014,69,68,6,0.01,Rain
19/04/2014,66,68,9,0, 
20/04/2014,68,77,8,0, 
21/04/2014,74,72,9,0.01,"Rain , Thunderstorm"
22/04/2014,75,61,10,0, 
23/04/2014,73,68,10,0, 
24/04/2014,78,63,10,0, 
25/04/2014,76,51,10,0, 
26/04/2014,77,73,6,T,Rain
27/04/2014,85,51,6,0, 
28/04/2014,80,39,10,0, 
29/04/2014,72,36,10,0, 
30/04/2014,66,32,10,0, 
01/05/2014,65,39,10,0, 
02/05/2014,70,33,10,0, 
03/05/2014,76,27,10,0, 
04/05/2014,76,27,10,0, 
05/05/2014,76,61,10,0, 
06/05/2014,76,66,10,0, 
07/05/2014,79,65,10,0, 
08/05/2014,79,75,6,0.06,Rain
09/05/2014,76,69,5,T,"Rain , Thunderstorm"
10/05/2014,76,71,10,0, 
11/05/2014,83,63,9,0, 
12/05/2014,72,87,5,2.45,"Fog , Rain , Thunderstorm"
13/05/2014,61,73,8,0.94,"Rain , Thunderstorm"
14/05/2014,64,57,10,0.14,Rain
15/05/2014,65,55,10,0, 
16/05/2014,74,40,10,0, 
17/05/2014,73,58,10,0, 
18/05/2014,74,67,10,0, 
19/05/2014,76,65,10,0, 
20/05/2014,78,63,10,0, 
21/05/2014,80,61,10,0, 
22/05/2014,79,70,10,T, 
23/05/2014,78,69,8,0.19,"Fog , Rain"
24/05/2014,78,79,9,T, 
25/05/2014,80,66,10,T,Thunderstorm
26/05/2014,70,83,8,1.56,"Rain , Thunderstorm"
27/05/2014,68,86,6,1.75,"Fog , Rain , Thunderstorm"
28/05/2014,76,74,7,0, 
29/05/2014,78,66,10,0, 
30/05/2014,81,60,10,0, 
31/05/2014,82,63,10,0, 
01/06/2014,80,69,8,0, 
02/06/2014,83,67,10,0, 
03/06/2014,83,67,10,T, 
04/06/2014,83,70,10,0, 
05/06/2014,83,72,10,0, 
06/06/2014,83,70,10,0, 
07/06/2014,83,71,10,0, 
08/06/2014,83,67,10,T,Rain
09/06/2014,77,78,8,0.55,"Rain , Thunderstorm"
10/06/2014,78,64,10,0, 
11/06/2014,80,64,10,0, 
12/06/2014,80,68,9,1.49,"Rain , Thunderstorm"
13/06/2014,79,75,-,0, 
14/06/2014,92,77,-,0, 
15/06/2014,83,-,-,0, 
16/06/2014,84,72,-,T, 
17/06/2014,84,69,10,0, 
18/06/2014,85,68,9,0.02,Rain
19/06/2014,84,68,10,0.01, 
20/06/2014,83,69,10,0, 
21/06/2014,84,72,10,T, 
22/06/2014,83,70,9,T, 
23/06/2014,78,75,8,0.27,"Rain , Thunderstorm"
24/06/2014,84,72,9,0.24,"Fog , Rain , Thunderstorm"
25/06/2014,80,77,8,0.49,"Fog , Rain , Thunderstorm"
26/06/2014,80,76,10,0.01,Rain
27/06/2014,83,69,10,T, 
28/06/2014,86,69,10,T, 
29/06/2014,86,69,9,0, 
30/06/2014,87,64,9,0, 
01/07/2014,86,64,10,0, 
02/07/2014,85,64,10,0, 
03/07/2014,84,62,10,0.07,"Rain , Thunderstorm"
04/07/2014,82,67,10,0,Thunderstorm
05/07/2014,82,70,10,0, 
06/07/2014,84,72,8,0, 
07/07/2014,85,61,10,0, 
08/07/2014,86,63,10,0, 
09/07/2014,85,59,10,0, 
10/07/2014,84,64,10,0, 
11/07/2014,83,60,10,0, 
12/07/2014,85,59,9,0, 
13/07/2014,87,63,10,0, 
14/07/2014,88,55,10,0, 
15/07/2014,83,71,10,0.06,"Rain , Thunderstorm"
16/07/2014,84,68,8,0.31,"Rain , Thunderstorm"
17/07/2014,82,77,7,3.53,"Fog , Rain , Thunderstorm"
18/07/2014,75,87,7,1.52,"Rain , Thunderstorm"
19/07/2014,78,76,9,0, 
20/07/2014,84,73,9,0, 
21/07/2014,87,70,9,0, 
22/07/2014,86,68,10,0, 
23/07/2014,86,66,9,0, 
24/07/2014,84,70,8,0.09,Rain
25/07/2014,86,63,10,0, 
26/07/2014,87,66,10,0, 
27/07/2014,87,64,10,0, 
28/07/2014,87,62,10,0, 
29/07/2014,87,63,10,0, 
30/07/2014,86,60,10,0, 
31/07/2014,87,64,10,0, 
01/08/2014,82,59,10,0, 
02/08/2014,79,70,10,0, 
03/08/2014,83,62,10,0, 
04/08/2014,83,66,9,0, 
05/08/2014,85,61,10,0, 
06/08/2014,88,64,10,0, 
07/08/2014,90,59,8,0, 
08/08/2014,89,60,10,0, 
09/08/2014,89,60,10,0, 
10/08/2014,89,58,10,0, 
11/08/2014,89,62,10,0.05,"Rain , Thunderstorm"
12/08/2014,87,62,10,0, 
13/08/2014,83,45,10,0, 
14/08/2014,84,50,10,0, 
15/08/2014,88,58,10,0, 
16/08/2014,91,57,10,0, 
17/08/2014,90,56,10,0, 
18/08/2014,90,59,10,0, 
19/08/2014,87,55,10,0,Thunderstorm
20/08/2014,90,57,10,0, 
21/08/2014,92,55,10,0, 
22/08/2014,91,55,10,0, 
23/08/2014,88,62,10,0, 
24/08/2014,89,59,10,0, 
25/08/2014,89,59,10,0, 
26/08/2014,89,52,10,T,"Rain , Thunderstorm"
27/08/2014,87,58,10,0, 
28/08/2014,88,61,10,0, 
29/08/2014,87,64,10,0.07,"Rain , Thunderstorm"
30/08/2014,85,69,10,0, 
31/08/2014,87,68,10,0, 
01/09/2014,90,62,10,0, 
02/09/2014,88,66,10,0.01, 
03/09/2014,88,61,10,0, 
04/09/2014,86,65,8,0.98,"Fog , Rain , Thunderstorm"
05/09/2014,87,63,10,0.02,Rain
06/09/2014,86,67,10,0.19,"Rain , Thunderstorm"
07/09/2014,82,78,8,0.22,"Rain , Thunderstorm"
08/09/2014,84,70,10,0, 
09/09/2014,86,63,10,0, 
10/09/2014,88,63,10,0, 
11/09/2014,89,60,10,0, 
12/09/2014,81,67,9,0.51,"Rain , Thunderstorm"
13/09/2014,63,92,5,0.68,Rain
14/09/2014,71,87,8,0, 
15/09/2014,79,76,9,0, 
16/09/2014,84,70,10,0.02,"Rain , Thunderstorm"
17/09/2014,83,75,9,0.35,"Rain , Thunderstorm"
18/09/2014,81,78,7,3.66,"Fog , Rain , Thunderstorm"
19/09/2014,80,85,8,0.13,Rain
20/09/2014,82,78,9,0.21,Rain
21/09/2014,81,71,10,0, 
22/09/2014,81,69,10,0, 
23/09/2014,76,57,10,0, 
24/09/2014,72,64,10,0, 
25/09/2014,73,74,10,T, 
26/09/2014,76,71,10,0, 
27/09/2014,74,78,10,T,Rain
28/09/2014,77,72,8,0, 
29/09/2014,78,68,10,0, 
30/09/2014,78,70,10,0, 
01/10/2014,84,68,10,0, 
02/10/2014,84,72,9,0.03,"Rain , Thunderstorm"
03/10/2014,75,44,10,0,Thunderstorm
04/10/2014,70,51,10,0, 
05/10/2014,75,69,10,0, 
06/10/2014,81,73,10,0, 
07/10/2014,83,67,9,0, 
08/10/2014,82,70,10,0, 
09/10/2014,84,69,10,T,Rain
10/10/2014,84,66,10,0, 
11/10/2014,69,85,7,1.42,"Fog , Rain"
12/10/2014,69,86,9,0.01,"Rain , Thunderstorm"
13/10/2014,69,63,10,0.09,"Rain , Thunderstorm"
14/10/2014,66,49,10,0, 
15/10/2014,72,46,10,0, 
16/10/2014,72,50,10,0, 
17/10/2014,74,69,10,0, 
18/10/2014,76,67,10,0, 
19/10/2014,74,74,10,0, 
20/10/2014,73,73,9,0, 
21/10/2014,71,61,9,0, 
22/10/2014,72,67,10,T,Rain
23/10/2014,75,64,10,T,Rain
24/10/2014,73,64,10,0, 
25/10/2014,75,62,10,0, 
26/10/2014,74,62,10,0, 
27/10/2014,74,67,10,0, 
28/10/2014,75,74,10,0, 
29/10/2014,73,68,10,0, 
30/10/2014,73,72,10,T,Rain
31/10/2014,66,60,9,0.3,Rain
01/11/2014,58,54,10,0, 
02/11/2014,62,61,10,0, 
03/11/2014,68,72,10,T, 
04/11/2014,67,87,8,0.56,Rain
05/11/2014,57,97,6,1.51,Rain
06/11/2014,59,75,10,0.04,Rain
07/11/2014,60,53,10,0, 
08/11/2014,62,67,10,0, 
09/11/2014,61,59,10,0, 
10/11/2014,63,70,10,0, 
11/11/2014,54,67,10,0, 
12/11/2014,44,50,10,0, 
13/11/2014,36,43,10,0, 
14/11/2014,38,44,10,0, 
15/11/2014,44,72,5,0.02,Rain
16/11/2014,42,91,4,0.01,"Fog , Rain"
17/11/2014,42,52,10,0, 
18/11/2014,43,51,10,0, 
19/11/2014,51,64,10,0, 
20/11/2014,57,85,8,0.01,"Fog , Rain"
21/11/2014,68,90,6,0.33,"Fog , Rain"
22/11/2014,63,97,6,3.33,"Fog , Rain , Thunderstorm"
23/11/2014,67,62,10,0, 
24/11/2014,53,47,10,0, 
25/11/2014,53,53,10,0, 
26/11/2014,60,40,10,0, 
27/11/2014,53,52,10,0, 
28/11/2014,57,62,10,0, 
29/11/2014,65,75,10,0, 
30/11/2014,72,71,10,0, 
01/12/2014,54,69,10,0, 
02/12/2014,45,63,10,0, 
03/12/2014,54,88,7,0, 
04/12/2014,62,94,3,0.06,Rain
05/12/2014,69,82,8,0.01,Rain
06/12/2014,62,72,10,0, 
07/12/2014,54,83,10,0, 
08/12/2014,58,69,10,0, 
09/12/2014,56,70,8,0, 
10/12/2014,57,75,9,0.02,Rain
11/12/2014,62,85,7,0.04,Rain
12/12/2014,65,78,10,T,Rain
13/12/2014,65,79,9,0, 
14/12/2014,68,82,9,0.07,Rain
15/12/2014,63,58,10,0, 
16/12/2014,55,47,10,0, 
17/12/2014,51,75,8,0.1,"Rain , Thunderstorm"
18/12/2014,55,92,4,T, 
19/12/2014,53,89,7,0.59,"Rain , Thunderstorm"
20/12/2014,52,82,9,0, 
21/12/2014,53,83,9,0, 
22/12/2014,67,63,10,0, 
23/12/2014,51,66,10,T,Rain
24/12/2014,46,62,10,0, 
25/12/2014,49,61,10,0, 
26/12/2014,64,83,9,0.01,Rain
27/12/2014,54,79,8,0.03,Rain
28/12/2014,40,71,10,0.13,Rain
29/12/2014,49,68,10,0, 
30/12/2014,43,87,6,0,Fog
31/12/2014,39,70,10,T, 
01/01/2015,37,82,3,0.63,"Rain , Thunderstorm"
02/01/2015,41,95,4,0.2,"Rain , Thunderstorm"
03/01/2015,51,74,8,0.76,"Rain , Thunderstorm"
04/01/2015,43,69,10,0, 
05/01/2015,41,54,10,0, 
06/01/2015,54,50,10,0, 
07/01/2015,41,54,10,0, 
08/01/2015,30,48,10,T,Rain
09/01/2015,36,62,10,0.02,Rain
10/01/2015,34,76,4,0.3,"Rain , Thunderstorm"
11/01/2015,42,90,7,0.17,Rain
12/01/2015,43,88,5,0,Fog
13/01/2015,39,83,7,0, 
14/01/2015,39,86,4,0, 
15/01/2015,49,68,9,0, 
16/01/2015,51,64,10,0, 
17/01/2015,54,63,10,0, 
18/01/2015,59,37,10,0, 
19/01/2015,56,59,10,0, 
20/01/2015,61,59,10,0, 
21/01/2015,53,84,5,0.16,Rain
22/01/2015,47,91,4,2.07,Rain
23/01/2015,45,77,8,0.4,Rain
24/01/2015,50,62,10,0, 
25/01/2015,57,53,10,0, 
26/01/2015,60,43,10,0, 
27/01/2015,67,47,10,0, 
28/01/2015,62,60,10,0, 
29/01/2015,66,68,10,T, 
30/01/2015,53,52,10,T,Rain
31/01/2015,56,80,5,0.31,Rain
01/02/2015,59,77,8,0.02,Rain
02/02/2015,41,48,10,0, 
03/02/2015,42,76,6,0.26,Rain
04/02/2015,49,92,5,0.06,Rain
05/02/2015,45,77,10,T, 
06/02/2015,49,69,10,0, 
07/02/2015,55,71,8,0, 
08/02/2015,68,72,10,0, 
09/02/2015,68,49,10,0, 
10/02/2015,64,57,10,0, 
11/02/2015,65,64,7,0, 
12/02/2015,53,51,10,0, 
13/02/2015,55,58,10,0, 
14/02/2015,63,60,10,0, 
15/02/2015,63,80,10,T, 
16/02/2015,51,79,8,0.01,Rain
17/02/2015,45,59,10,0, 
18/02/2015,49,56,10,0, 
19/02/2015,54,61,10,0, 
20/02/2015,65,72,10,0, 
21/02/2015,67,69,10,0, 
22/02/2015,47,80,8,0.02,Rain
23/02/2015,34,87,7,0.01,Rain
24/02/2015,34,84,8,0, 
25/02/2015,49,64,8,0.01,Rain
26/02/2015,43,74,10,0, 
27/02/2015,34,72,8,0.01,Rain
28/02/2015,34,93,5,0.1,Rain
01/03/2015,39,95,4,0.09,Rain
02/03/2015,42,95,5,0.02,Rain
03/03/2015,52,95,2,0.01,"Fog , Rain"
04/03/2015,52,95,4,0.15,"Fog , Rain , Thunderstorm"
05/03/2015,39,61,9,0.13,"Rain , Thunderstorm"
06/03/2015,42,54,10,0, 
07/03/2015,49,56,10,T, 
08/03/2015,51,69,3,0.45,Rain
09/03/2015,52,97,5,2.17,Rain
10/03/2015,57,78,10,0, 
11/03/2015,57,79,10,0, 
12/03/2015,63,73,10,0.02,Rain
13/03/2015,66,68,8,0, 
14/03/2015,66,61,10,0, 
15/03/2015,60,72,10,0, 
16/03/2015,65,73,9,0, 
17/03/2015,70,82,8,0.01,Rain
18/03/2015,71,74,10,0.13,Rain
19/03/2015,73,79,8,0, 
20/03/2015,64,89,6,1.17,"Fog , Rain"
21/03/2015,58,95,7,0.43,Rain
22/03/2015,68,75,10,0, 
23/03/2015,66,73,10,0, 
24/03/2015,71,72,10,0, 
25/03/2015,73,72,10,0, 
26/03/2015,62,62,9,0.05,Rain
27/03/2015,64,44,10,0, 
28/03/2015,66,54,10,0, 
29/03/2015,71,67,10,0, 
30/03/2015,72,76,10,0, 
31/03/2015,74,74,10,0, 
01/04/2015,76,71,9,T,Rain
02/04/2015,76,76,8,0, 
03/04/2015,76,67,8,0, 
04/04/2015,63,53,10,0, 
05/04/2015,64,78,5,0.02,Rain
06/04/2015,75,76,8,0, 
07/04/2015,78,71,10,0, 
08/04/2015,74,81,9,T, 
09/04/2015,79,73,9,0, 
10/04/2015,65,70,10,0.09,"Rain , Thunderstorm"
11/04/2015,65,86,5,T,Rain
12/04/2015,75,81,5,0.01,Fog
13/04/2015,76,67,8,0.09,"Rain , Thunderstorm"
14/04/2015,67,67,10,0, 
15/04/2015,69,69,10,0, 
16/04/2015,74,78,9,0.01,"Rain , Thunderstorm"
17/04/2015,71,81,8,0.41,"Rain , Thunderstorm"
18/04/2015,66,82,8,0.57,"Fog , Rain , Thunderstorm"
19/04/2015,73,60,7,0,"Fog , Thunderstorm"
20/04/2015,64,48,10,0, 
21/04/2015,66,66,10,0, 
22/04/2015,74,79,10,T, 
23/04/2015,77,85,8,0, 
24/04/2015,77,85,6,0.43,"Rain , Thunderstorm"
25/04/2015,82,61,7,0.04,Thunderstorm
26/04/2015,78,77,8,0.08,"Rain , Thunderstorm"
27/04/2015,74,66,9,0.56,"Rain , Thunderstorm"
28/04/2015,59,74,10,0, 
29/04/2015,63,61,10,0, 
30/04/2015,67,60,10,0, 
01/05/2015,70,60,10,0, 
02/05/2015,71,58,10,0, 
03/05/2015,71,67,10,0, 
04/05/2015,75,71,10,0, 
05/05/2015,75,77,6,3.84,"Fog , Rain , Thunderstorm"
06/05/2015,79,74,8,0.01,Rain
07/05/2015,78,81,9,0.02,Rain
08/05/2015,76,88,5,0.29,"Rain , Thunderstorm"
09/05/2015,79,79,7,0.02,"Rain , Thunderstorm"
10/05/2015,82,71,9,0, 
11/05/2015,74,78,7,0.4,"Rain , Thunderstorm"
12/05/2015,67,91,8,0.23,Rain
13/05/2015,67,97,5,1.12,"Fog , Rain , Thunderstorm"
14/05/2015,78,83,6,0.08,Rain
15/05/2015,72,87,8,0.36,"Rain , Thunderstorm"
16/05/2015,77,79,9,0, 
17/05/2015,75,83,6,2.6,"Rain , Thunderstorm"
18/05/2015,81,77,9,0,Rain
19/05/2015,82,73,8,T,Rain
20/05/2015,81,75,8,0.33,"Rain , Thunderstorm"
21/05/2015,69,84,10,0.02,"Rain , Thunderstorm"
22/05/2015,70,91,6,0.03,Rain
23/05/2015,77,83,6,1.41,"Fog , Rain , Thunderstorm"
24/05/2015,73,81,10,0.76,Rain
25/05/2015,74,87,7,5.2,"Fog , Rain , Thunderstorm"
26/05/2015,78,80,6,0,Thunderstorm
27/05/2015,76,82,9,T,"Rain , Thunderstorm"
28/05/2015,78,80,8,0.2,"Rain , Thunderstorm"
29/05/2015,77,76,8,0.67,"Rain , Thunderstorm"
30/05/2015,79,74,10,T,"Rain , Thunderstorm"
31/05/2015,77,67,10,0, 
01/06/2015,76,70,10,0, 
02/06/2015,79,70,10,0, 
03/06/2015,78,69,10,0, 
04/06/2015,78,68,10,0, 
05/06/2015,80,72,10,T, 
06/06/2015,80,72,10,0, 
07/06/2015,81,71,10,0, 
08/06/2015,82,67,10,0, 
09/06/2015,84,60,10,0, 
10/06/2015,83,62,10,0, 
11/06/2015,84,71,10,0, 
12/06/2015,84,70,10,0.01, 
13/06/2015,85,70,10,T, 
14/06/2015,79,87,8,1.34,"Fog , Rain , Thunderstorm"
15/06/2015,82,78,9,0.19,"Rain , Thunderstorm"
16/06/2015,78,84,8,1.34,"Fog , Rain , Thunderstorm"
17/06/2015,81,83,7,2.66,"Fog , Rain , Thunderstorm"
18/06/2015,82,82,10,0,Thunderstorm
19/06/2015,78,87,8,1.09,"Fog , Rain , Thunderstorm"
20/06/2015,78,90,8,0.49,"Fog , Rain , Thunderstorm"
21/06/2015,79,85,7,0.93,"Fog , Rain , Thunderstorm"
22/06/2015,81,84,9,0, 
23/06/2015,84,73,10,0,Thunderstorm
24/06/2015,83,78,10,0, 
25/06/2015,83,76,10,0, 
26/06/2015,85,73,10,0, 
27/06/2015,83,75,10,0.01,"Rain , Thunderstorm"
28/06/2015,82,73,9,0.08,"Rain , Thunderstorm"
29/06/2015,84,75,9,0, 
30/06/2015,84,76,7,0.75,"Fog , Rain , Thunderstorm"
01/07/2015,81,78,10,T,Rain
02/07/2015,81,78,10,T, 
03/07/2015,84,69,9,T, 
04/07/2015,84,73,10,0, 
05/07/2015,84,75,10,0, 
06/07/2015,84,72,9,0, 
07/07/2015,85,71,10,T, 
08/07/2015,85,69,9,0, 
09/07/2015,85,65,9,0, 
10/07/2015,84,68,9,0, 
11/07/2015,83,69,10,0, 
12/07/2015,84,67,10,0, 
13/07/2015,86,69,10,0, 
14/07/2015,86,61,10,0, 
15/07/2015,85,64,10,0, 
16/07/2015,85,69,10,0, 
17/07/2015,86,66,10,0, 
18/07/2015,88,65,10,0, 
19/07/2015,87,65,10,0, 
20/07/2015,86,66,10,0, 
21/07/2015,86,66,10,0, 
22/07/2015,87,64,10,0, 
23/07/2015,88,62,10,0, 
24/07/2015,88,62,10,0, 
25/07/2015,87,66,10,0, 
26/07/2015,87,67,9,0, 
27/07/2015,89,62,9,0, 
28/07/2015,89,63,9,0, 
29/07/2015,89,61,10,0, 
30/07/2015,88,55,10,0, 
31/07/2015,90,52,10,0, 
01/08/2015,86,47,10,0, 
02/08/2015,88,48,10,0, 
03/08/2015,87,54,10,0, 
04/08/2015,89,62,10,0, 
05/08/2015,90,59,10,0, 
06/08/2015,90,59,10,0, 
07/08/2015,89,61,10,0, 
08/08/2015,90,66,10,0, 
09/08/2015,89,65,-,0, 
10/08/2015,90,62,-,0, 
11/08/2015,90,-,-,0, 
12/08/2015,92,43,10,0, 
13/08/2015,91,51,10,0, 
14/08/2015,90,58,10,0, 
15/08/2015,89,54,10,0,Thunderstorm
16/08/2015,87,58,10,0, 
17/08/2015,86,61,10,0, 
18/08/2015,88,62,10,0, 
19/08/2015,89,62,10,0, 
20/08/2015,79,78,8,0.35,"Rain , Thunderstorm"
21/08/2015,82,73,9,T,Rain
22/08/2015,87,65,10,0, 
23/08/2015,89,64,10,0, 
24/08/2015,89,58,10,0, 
25/08/2015,89,56,10,0, 
26/08/2015,86,62,10,0, 
27/08/2015,86,56,10,0, 
28/08/2015,85,50,10,0, 
29/08/2015,83,55,10,0, 
30/08/2015,86,55,10,0, 
31/08/2015,86,59,10,0, 
01/09/2015,84,64,10,0, 
02/09/2015,83,65,10,0, 
03/09/2015,84,64,10,0, 
04/09/2015,88,62,10,0, 
05/09/2015,90,62,10,0.01, 
06/09/2015,88,63,10,0, 
07/09/2015,88,61,10,0, 
08/09/2015,88,61,10,0, 
09/09/2015,84,74,8,1.05,"Rain , Thunderstorm"
10/09/2015,84,71,7,0.79,"Fog , Rain , Thunderstorm"
11/09/2015,84,72,8,T, 
12/09/2015,80,55,10,0, 
13/09/2015,77,49,10,0, 
14/09/2015,77,53,10,0, 
15/09/2015,84,67,10,T, 
16/09/2015,84,72,9,0.04,Rain
17/09/2015,86,67,10,0, 
18/09/2015,86,64,10,0, 
19/09/2015,85,60,10,0, 
20/09/2015,82,60,-,0, 
21/09/2015,84,57,-,0, 
22/09/2015,84,56,10,0, 
23/09/2015,81,58,10,0, 
24/09/2015,82,49,10,0, 
25/09/2015,84,58,10,T,"Rain , Thunderstorm"
26/09/2015,82,54,10,0, 
27/09/2015,81,50,10,0, 
28/09/2015,79,64,10,0, 
29/09/2015,81,63,10,0, 
30/09/2015,83,56,10,0, 
01/10/2015,82,52,9,0, 
02/10/2015,78,45,10,0, 
03/10/2015,72,40,10,0, 
04/10/2015,73,45,10,0, 
05/10/2015,76,45,10,0, 
06/10/2015,77,44,10,0, 
07/10/2015,77,54,10,0, 
08/10/2015,80,64,10,0, 
09/10/2015,80,62,10,0, 
10/10/2015,79,56,10,0, 
11/10/2015,80,55,10,0, 
12/10/2015,86,62,9,0, 
13/10/2015,79,45,10,0, 
14/10/2015,78,36,10,0, 
15/10/2015,79,55,10,0, 
16/10/2015,76,60,10,0, 
17/10/2015,75,46,10,0, 
18/10/2015,71,33,10,0, 
19/10/2015,70,46,10,0, 
20/10/2015,73,61,10,0, 
21/10/2015,79,71,10,T,Rain
22/10/2015,76,85,7,0.16,Rain
23/10/2015,76,91,7,0.43,"Rain , Thunderstorm"
24/10/2015,68,94,4,4.79,Rain
25/10/2015,61,89,8,0.65,Rain
26/10/2015,69,62,10,0, 
27/10/2015,71,61,10,0, 
28/10/2015,70,53,10,0, 
29/10/2015,66,66,10,0, 
30/10/2015,71,90,4,4.93,"Fog , Rain , Thunderstorm"
31/10/2015,71,82,8,0.89,"Rain , Thunderstorm"
01/11/2015,67,75,10,0.07,Rain
02/11/2015,68,75,5,0,Fog
03/11/2015,69,74,7,0,Fog
04/11/2015,70,82,9,T,Rain
05/11/2015,79,83,9,0.05,"Rain , Thunderstorm"
06/11/2015,68,62,10,0.02,Rain
07/11/2015,60,79,8,0.53,"Fog , Rain"
08/11/2015,62,56,10,0, 
09/11/2015,63,66,10,0, 
10/11/2015,67,82,10,0, 
11/11/2015,77,62,10,0, 
12/11/2015,64,36,10,0, 
13/11/2015,61,47,10,0, 
14/11/2015,60,66,10,0.01,Rain
15/11/2015,62,73,10,0, 
16/11/2015,70,92,8,0.01,Rain
17/11/2015,61,69,8,1.03,Rain
18/11/2015,58,64,10,0, 
19/11/2015,63,59,10,0, 
20/11/2015,65,67,10,0, 
21/11/2015,54,63,10,T, 
22/11/2015,47,56,10,0, 
23/11/2015,48,61,10,0, 
24/11/2015,56,74,10,0, 
25/11/2015,68,77,10,T,Rain
26/11/2015,71,91,8,0.26,Rain
27/11/2015,58,94,6,1.46,"Fog , Rain"
28/11/2015,42,91,9,0.25,Rain
29/11/2015,45,91,8,0.04,Rain
30/11/2015,50,86,10,0, 
01/12/2015,53,72,10,0, 
02/12/2015,55,65,10,0,Fog
03/12/2015,52,61,10,0, 
04/12/2015,50,66,10,0, 
05/12/2015,51,66,10,0, 
06/12/2015,57,71,10,0, 
07/12/2015,57,64,10,0, 
08/12/2015,59,70,10,0, 
09/12/2015,62,61,10,0, 
10/12/2015,65,78,8,0, 
11/12/2015,66,79,6,0,Fog
12/12/2015,73,85,9,0.01,Rain
13/12/2015,60,84,6,1.54,Rain
14/12/2015,59,57,10,0, 
15/12/2015,64,86,10,0, 
16/12/2015,55,40,10,0, 
17/12/2015,54,54,10,0, 
18/12/2015,46,55,10,0, 
19/12/2015,51,68,10,0, 
20/12/2015,59,89,10,T,Rain
21/12/2015,65,79,9,0, 
22/12/2015,64,69,10,0, 
23/12/2015,67,59,9,0, 
24/12/2015,63,81,9,0, 
25/12/2015,61,77,9,0, 
26/12/2015,74,85,9,0.1,Rain
27/12/2015,55,89,8,1.32,"Rain , Thunderstorm"
28/12/2015,41,75,10,T, 
29/12/2015,43,74,8,0.03,Rain
30/12/2015,49,80,7,T,Rain
31/12/2015,46,78,10,0, 
01/01/2016,46,60,-,T,Rain
02/01/2016,45,77,-,0.2,Rain
03/01/2016,52,70,10,T,Rain
04/01/2016,48,58,10,0, 
05/01/2016,46,68,10,T,Rain
06/01/2016,50,86,5,0.13,"Rain , Thunderstorm"
07/01/2016,61,71,5,0,Fog
08/01/2016,55,86,7,0,Thunderstorm
09/01/2016,48,59,10,0, 
10/01/2016,42,61,10,0, 
11/01/2016,45,59,10,0, 
12/01/2016,50,58,10,0, 
13/01/2016,52,68,10,0, 
14/01/2016,59,75,10,0, 
15/01/2016,59,58,10,0, 
16/01/2016,54,61,10,T,Rain
17/01/2016,45,65,10,0, 
18/01/2016,48,70,10,0, 
19/01/2016,56,78,7,0, 
20/01/2016,51,70,10,0, 
21/01/2016,54,66,6,0.01,Rain
22/01/2016,46,56,10,0, 
23/01/2016,44,61,10,0, 
24/01/2016,53,61,10,0, 
25/01/2016,66,66,10,0, 
26/01/2016,51,50,10,T,Rain
27/01/2016,48,47,10,0, 
28/01/2016,52,53,10,0, 
29/01/2016,57,53,10,0, 
30/01/2016,62,59,10,0, 
31/01/2016,72,55,10,0, 
01/02/2016,66,73,7,0,Fog
02/02/2016,62,28,10,0, 
03/02/2016,49,41,10,0, 
04/02/2016,47,49,10,0, 
05/02/2016,48,47,10,0, 
06/02/2016,51,51,10,0,"Rain , Thunderstorm"
07/02/2016,50,62,10,0, 
08/02/2016,56,37,10,0, 
09/02/2016,57,40,10,0, 
10/02/2016,56,54,10,0, 
11/02/2016,68,36,10,0, 
12/02/2016,63,60,10,0, 
13/02/2016,64,60,10,0, 
14/02/2016,66,71,10,0, 
15/02/2016,62,59,10,0, 
16/02/2016,63,49,10,0, 
17/02/2016,63,35,10,0, 
18/02/2016,67,68,10,0, 
19/02/2016,73,63,10,0, 
20/02/2016,71,76,10,0, 
21/02/2016,68,86,10,0.01,Rain
22/02/2016,65,74,10,0, 
23/02/2016,54,76,8,1.33,"Rain , Thunderstorm"
24/02/2016,54,49,10,0, 
25/02/2016,54,53,10,0, 
26/02/2016,53,42,10,0, 
27/02/2016,58,62,10,0, 
28/02/2016,67,72,10,0, 
29/02/2016,70,72,10,0, 
01/03/2016,70,62,10,0, 
02/03/2016,64,59,10,0, 
03/03/2016,73,53,10,0, 
04/03/2016,61,48,10,0, 
05/03/2016,68,66,10,0, 
06/03/2016,68,74,9,0, 
07/03/2016,70,76,9,0.01,Rain
08/03/2016,76,74,8,0.22,"Rain , Thunderstorm"
09/03/2016,65,92,6,2.18,"Rain , Thunderstorm"
10/03/2016,61,92,8,0.4,Rain
11/03/2016,65,87,7,0.36,"Rain , Thunderstorm"
12/03/2016,66,75,10,T,Rain
13/03/2016,71,59,8,0, 
14/03/2016,73,48,10,0, 
15/03/2016,80,59,7,0, 
16/03/2016,71,61,9,0, 
17/03/2016,73,76,6,0.02,Rain
18/03/2016,68,85,7,0.07,"Rain , Thunderstorm"
19/03/2016,55,52,10,0, 
20/03/2016,53,44,10,0, 
21/03/2016,52,57,10,0, 
22/03/2016,62,67,10,0, 
23/03/2016,74,71,10,0.05, 
24/03/2016,59,51,8,0.15,"Rain , Thunderstorm"
25/03/2016,57,60,10,0, 
26/03/2016,61,75,9,0, 
27/03/2016,65,70,8,T,Rain
28/03/2016,62,51,10,0, 
29/03/2016,64,76,5,0.02,Rain
30/03/2016,73,88,5,0.03,Rain
31/03/2016,76,59,7,0, 
01/04/2016,59,57,9,0.34,"Rain , Thunderstorm"
02/04/2016,60,50,10,0, 
03/04/2016,62,58,10,0, 
04/04/2016,68,48,10,0, 
05/04/2016,68,50,10,0, 
06/04/2016,69,56,10,0, 
07/04/2016,67,55,10,0, 
08/04/2016,68,51,10,0, 
09/04/2016,68,63,10,0.02,"Rain , Thunderstorm"
10/04/2016,72,75,10,T, 
11/04/2016,80,74,10,T, 
12/04/2016,68,83,8,1.19,"Rain , Thunderstorm"
13/04/2016,65,83,8,0.4,Rain
14/04/2016,66,75,6,0,Fog
15/04/2016,67,77,8,0, 
16/04/2016,70,92,7,0.25,Rain
17/04/2016,71,90,5,1.34,"Fog , Rain , Thunderstorm"
18/04/2016,69,87,6,1.13,"Rain , Thunderstorm"
19/04/2016,72,79,6,0, 
20/04/2016,71,72,9,0.58,"Rain , Thunderstorm"
21/04/2016,72,70,8,0.41,"Rain , Thunderstorm"
22/04/2016,72,63,10,0, 
23/04/2016,69,61,10,0, 
24/04/2016,71,79,10,T, 
25/04/2016,79,76,10,0,Thunderstorm
26/04/2016,79,77,8,0, 
27/04/2016,76,54,8,0.54,"Rain , Thunderstorm"
28/04/2016,75,71,8,T, 
29/04/2016,80,82,7,T,Rain
30/04/2016,76,73,8,0.92,"Fog , Rain , Thunderstorm"
01/05/2016,72,69,10,T, 
02/05/2016,64,68,10,T,"Rain , Thunderstorm"
03/05/2016,67,60,10,0, 
04/05/2016,71,57,10,0, 
05/05/2016,74,51,10,0, 
06/05/2016,71,60,10,0, 
07/05/2016,73,65,10,0, 
08/05/2016,70,88,10,0.11,Rain
09/05/2016,77,69,10,0, 
10/05/2016,79,75,6,0.27,"Rain , Thunderstorm"
11/05/2016,76,76,8,0.33,"Rain , Thunderstorm"
12/05/2016,76,78,9,0.11,"Rain , Thunderstorm"
13/05/2016,79,69,10,T, 
14/05/2016,72,87,6,0.77,"Rain , Thunderstorm"
15/05/2016,67,83,9,0.23,Rain
16/05/2016,74,84,6,0.26,Rain
17/05/2016,74,83,6,0.2,"Rain , Thunderstorm"
18/05/2016,71,77,10,0.16,"Rain , Thunderstorm"
19/05/2016,69,84,5,2.25,"Rain , Thunderstorm"
20/05/2016,73,74,9,0, 
21/05/2016,77,81,10,0, 
22/05/2016,80,82,10,T, 
23/05/2016,78,84,9,0.01,Rain
24/05/2016,81,76,10,0, 
25/05/2016,82,81,8,0, 
26/05/2016,79,76,8,0.52,"Rain , Thunderstorm"
27/05/2016,71,87,8,0.35,"Rain , Thunderstorm"
28/05/2016,78,79,6,0.02,"Fog , Rain , Thunderstorm"
29/05/2016,79,78,8,0.18,"Rain , Thunderstorm"
30/05/2016,78,67,8,0.31,"Rain , Thunderstorm"
31/05/2016,75,85,8,1.07,"Rain , Thunderstorm"
01/06/2016,78,75,6,0.19,Rain
02/06/2016,76,76,7,0.36,"Rain , Thunderstorm"
03/06/2016,75,74,6,1.61,"Rain , Thunderstorm"
04/06/2016,77,76,9,0.1,Rain
05/06/2016,78,66,10,0, 
06/06/2016,80,53,10,0, 
07/06/2016,81,64,10,0, 
08/06/2016,81,71,10,0, 
09/06/2016,82,73,10,0, 
10/06/2016,80,77,10,0, 
11/06/2016,85,72,9,0, 
12/06/2016,86,74,10,0, 
13/06/2016,85,76,10,0, 
14/06/2016,86,71,10,0, 
15/06/2016,87,66,8,0, 
16/06/2016,86,71,9,0, 
17/06/2016,87,70,10,0, 
18/06/2016,86,67,9,0, 
19/06/2016,86,67,10,0, 
20/06/2016,85,65,10,0, 
21/06/2016,86,66,10,0, 
22/06/2016,86,72,10,0, 
23/06/2016,85,70,10,0, 
24/06/2016,84,73,10,0, 
25/06/2016,83,81,10,0.02,"Rain , Thunderstorm"
26/06/2016,86,73,9,0, 
27/06/2016,86,65,10,0, 
28/06/2016,87,69,9,0.33,"Rain , Thunderstorm"
29/06/2016,84,66,10,0, 
30/06/2016,85,65,10,0, 
01/07/2016,85,70,10,0, 
02/07/2016,87,67,10,0, 
03/07/2016,88,67,10,0, 
04/07/2016,90,62,10,0, 
05/07/2016,89,65,9,0, 
06/07/2016,90,68,10,0, 
07/07/2016,89,64,10,0, 
08/07/2016,90,64,10,0, 
09/07/2016,89,65,10,0, 
10/07/2016,87,67,9,0.04,"Rain , Thunderstorm"
11/07/2016,90,60,10,0, 
12/07/2016,89,64,10,0, 
13/07/2016,91,64,10,0, 
14/07/2016,89,64,10,0, 
15/07/2016,90,62,10,0, 
16/07/2016,88,66,10,0, 
17/07/2016,88,63,10,0, 
18/07/2016,89,65,10,0, 
19/07/2016,89,64,10,0, 
20/07/2016,89,62,10,0, 
21/07/2016,89,60,10,0, 
22/07/2016,89,59,10,0, 
23/07/2016,90,60,10,0, 
24/07/2016,90,64,10,0, 
25/07/2016,89,66,9,0.76,"Rain , Thunderstorm"
26/07/2016,84,76,7,0.08,"Rain , Thunderstorm"
27/07/2016,83,78,6,1.06,"Fog , Rain , Thunderstorm"
28/07/2016,86,70,10,0,Thunderstorm
29/07/2016,85,67,10,0, 
30/07/2016,87,71,10,0, 
31/07/2016,88,66,-,0, 
01/08/2016,87,62,10,0, 
02/08/2016,87,67,10,0, 
03/08/2016,88,68,10,0, 
04/08/2016,88,65,10,0, 
05/08/2016,89,67,10,0, 
06/08/2016,89,63,10,0, 
07/08/2016,89,65,10,0, 
08/08/2016,89,65,10,0, 
09/08/2016,91,66,10,0, 
10/08/2016,92,64,10,0, 
11/08/2016,90,64,10,0, 
12/08/2016,92,63,10,0, 
13/08/2016,87,73,10,0.1,"Rain , Thunderstorm"
14/08/2016,78,90,7,0.92,"Rain , Thunderstorm"
15/08/2016,74,97,5,2.35,Rain
16/08/2016,77,90,6,1.79,"Fog , Rain , Thunderstorm"
17/08/2016,80,90,8,0.3,"Rain , Thunderstorm"
18/08/2016,81,84,9,0.17,Rain
19/08/2016,84,76,9,0.06,Rain
20/08/2016,78,87,8,0.74,"Rain , Thunderstorm"
21/08/2016,78,87,9,0.11,Rain
22/08/2016,83,75,9,0.04,Rain
23/08/2016,86,70,10,0, 
24/08/2016,85,72,10,0, 
25/08/2016,84,75,10,0.04, 
26/08/2016,84,73,10,0, 
27/08/2016,82,73,10,0, 
28/08/2016,83,72,9,0.16,Rain
29/08/2016,82,75,9,0.06,Rain
30/08/2016,83,73,10,0, 
31/08/2016,84,75,10,0.09,Rain
01/09/2016,86,70,10,0, 
02/09/2016,84,73,10,0, 
03/09/2016,83,73,9,T, 
04/09/2016,84,73,9,0.01,"Rain , Thunderstorm"
05/09/2016,84,77,10,T,"Rain , Thunderstorm"
06/09/2016,86,79,10,0.01,"Rain , Thunderstorm"
07/09/2016,87,75,10,0, 
08/09/2016,86,70,10,0, 
09/09/2016,86,72,10,0, 
10/09/2016,82,68,9,0.05,Rain
11/09/2016,81,64,10,0, 
12/09/2016,82,70,10,0, 
13/09/2016,84,73,10,T,Rain
14/09/2016,84,66,10,T,Rain
15/09/2016,83,70,10,0, 
16/09/2016,85,69,10,0, 
17/09/2016,85,67,10,0, 
18/09/2016,87,70,10,0, 
19/09/2016,88,68,10,0, 
20/09/2016,87,66,10,0, 
21/09/2016,86,62,10,0, 
22/09/2016,82,64,10,0, 
23/09/2016,85,73,9,0.03,Rain
24/09/2016,87,72,10,0.01,"Rain , Thunderstorm"
25/09/2016,79,83,9,0.76,"Fog , Rain , Thunderstorm"
26/09/2016,70,89,7,1.22,Rain
27/09/2016,74,71,10,0, 
28/09/2016,77,61,10,0, 
29/09/2016,75,61,10,0, 
30/09/2016,72,54,10,0, 
01/10/2016,70,65,10,T, 
02/10/2016,72,65,10,0, 
03/10/2016,75,66,10,0, 
04/10/2016,81,69,10,0, 
05/10/2016,84,72,10,0, 
06/10/2016,84,71,10,T, 
07/10/2016,76,74,10,T,Rain
08/10/2016,74,69,10,0, 
09/10/2016,71,49,10,0, 
10/10/2016,68,53,10,0, 
11/10/2016,71,57,10,0, 
12/10/2016,76,66,10,0, 
13/10/2016,79,73,10,0.17,Rain
14/10/2016,77,74,7,T,"Fog , Rain"
15/10/2016,81,70,10,0, 
16/10/2016,85,66,10,0, 
17/10/2016,84,69,10,0, 
18/10/2016,84,67,10,0, 
19/10/2016,84,71,10,0, 
20/10/2016,74,60,10,0, 
21/10/2016,65,50,10,0, 
22/10/2016,64,57,10,0, 
23/10/2016,70,63,10,T,"Rain , Thunderstorm"
24/10/2016,77,71,10,T, 
25/10/2016,77,72,8,0, 
26/10/2016,76,69,10,0, 
27/10/2016,76,68,10,0, 
28/10/2016,74,67,10,0, 
29/10/2016,75,68,10,0, 
30/10/2016,76,67,10,0, 
31/10/2016,73,72,8,0,Fog
01/11/2016,81,72,9,0.33,"Rain , Thunderstorm"
02/11/2016,81,78,9,0.01,Rain
03/11/2016,74,84,8,1.07,"Fog , Rain , Thunderstorm"
04/11/2016,71,89,9,0, 
05/11/2016,68,91,6,0.24,Rain
06/11/2016,68,85,10,0.07,Rain
07/11/2016,66,94,5,0.08,Rain
08/11/2016,66,92,8,0.49,"Rain , Thunderstorm"
09/11/2016,63,94,6,0.17,Rain
10/11/2016,64,72,10,0, 
11/11/2016,65,79,8,T,Rain
12/11/2016,67,72,8,0, 
13/11/2016,65,75,10,0, 
14/11/2016,69,74,6,0,Fog
15/11/2016,73,60,10,0, 
16/11/2016,71,58,10,0, 
17/11/2016,70,74,9,0, 
18/11/2016,66,62,10,T,Rain
19/11/2016,52,46,10,0, 
20/11/2016,51,55,10,0, 
21/11/2016,61,64,10,0, 
22/11/2016,69,83,9,0.49,"Rain , Thunderstorm"
23/11/2016,62,71,9,0.13,Rain
24/11/2016,61,70,10,0, 
25/11/2016,61,87,10,0.03,Rain
26/11/2016,62,69,10,0, 
27/11/2016,66,75,10,0, 
28/11/2016,65,53,10,0, 
29/11/2016,64,53,10,0, 
30/11/2016,55,45,10,0, 
01/12/2016,53,56,10,0, 
02/12/2016,58,77,10,0.22,Rain
03/12/2016,51,95,6,1.29,Rain
04/12/2016,51,88,8,0.37,Rain
05/12/2016,50,95,5,0.63,Rain
06/12/2016,51,84,8,0,Fog
07/12/2016,48,86,7,0, 
08/12/2016,44,68,10,0, 
09/12/2016,40,45,10,0, 
10/12/2016,44,75,8,0, 
11/12/2016,59,91,5,0.02,"Fog , Rain"
12/12/2016,57,73,10,0, 
13/12/2016,64,73,7,0, 
14/12/2016,50,78,10,0, 
15/12/2016,50,78,7,0, 
16/12/2016,59,82,8,0, 
17/12/2016,55,80,6,0, 
18/12/2016,32,48,10,0, 
19/12/2016,34,42,10,0, 
20/12/2016,47,40,10,0, 
21/12/2016,57,41,10,0, 
22/12/2016,59,48,10,0, 
23/12/2016,60,74,6,0.01,"Fog , Rain"
24/12/2016,72,85,9,T, 
25/12/2016,74,74,10,0, 
26/12/2016,77,74,10,T,Rain
27/12/2016,69,72,10,T, 
28/12/2016,73,72,9,0, 
29/12/2016,60,51,10,0, 
30/12/2016,52,38,10,T, 
31/12/2016,64,70,10,T,Rain
01/01/2017,63,74,8,0,Fog
02/01/2017,64,79,8,0.4,"Rain , Thunderstorm"
03/01/2017,60,52,10,0, 
04/01/2017,42,58,10,0, 
05/01/2017,49,64,10,0, 
06/01/2017,29,55,10,0, 
07/01/2017,32,48,10,0, 
08/01/2017,37,50,10,0, 
09/01/2017,57,69,10,0, 
10/01/2017,69,66,10,0, 
11/01/2017,70,72,10,0, 
12/01/2017,74,70,10,0, 
13/01/2017,67,74,8,0.65,"Fog , Rain"
14/01/2017,52,92,3,0.07,Rain
15/01/2017,62,87,4,0.61,"Rain , Thunderstorm"
16/01/2017,64,78,9,0.3,"Rain , Thunderstorm"
17/01/2017,54,86,7,1.57,"Fog , Rain , Thunderstorm"
18/01/2017,52,93,8,0.51,"Rain , Thunderstorm"
19/01/2017,62,79,10,T,Rain
20/01/2017,62,66,9,0, 
21/01/2017,65,62,7,0.02,Fog
22/01/2017,62,38,10,0, 
23/01/2017,61,44,10,0, 
24/01/2017,67,62,10,0, 
25/01/2017,59,53,10,0, 
26/01/2017,50,46,10,0, 
27/01/2017,48,48,10,0, 
28/01/2017,50,52,10,T,Rain
29/01/2017,55,44,10,0, 
30/01/2017,63,38,10,0, 
31/01/2017,61,44,10,0, 
01/02/2017,67,68,8,0, 
02/02/2017,55,52,10,0, 
03/02/2017,49,57,10,T, 
04/02/2017,49,77,4,0.02,Rain
05/02/2017,62,89,6,T,Fog
06/02/2017,73,76,9,T,Rain
07/02/2017,71,59,8,0, 
08/02/2017,69,49,10,0, 
09/02/2017,56,39,10,0, 
10/02/2017,65,70,10,0, 
11/02/2017,76,71,8,0, 
12/02/2017,73,73,9,0, 
13/02/2017,71,63,10,T, 
14/02/2017,57,80,8,0.86,"Rain , Thunderstorm"
15/02/2017,54,53,10,0, 
16/02/2017,55,54,10,0, 
17/02/2017,64,67,10,0, 
18/02/2017,74,58,10,0, 
19/02/2017,71,76,7,0.09,"Rain , Thunderstorm"
20/02/2017,64,80,8,1.12,"Rain , Thunderstorm"
21/02/2017,67,61,10,0, 
22/02/2017,69,48,10,0, 
23/02/2017,73,50,10,0, 
24/02/2017,67,31,10,0, 
25/02/2017,54,42,10,0, 
26/02/2017,57,77,10,T, 
27/02/2017,74,76,8,T, 
28/02/2017,75,79,7,0, 
01/03/2017,64,59,9,0, 
02/03/2017,58,30,10,0, 
03/03/2017,56,45,10,0, 
04/03/2017,57,72,6,0.66,Rain
05/03/2017,66,84,6,0.27,Rain
06/03/2017,76,76,10,T,Rain
07/03/2017,69,61,10,T, 
08/03/2017,68,56,10,T, 
09/03/2017,74,79,10,T,"Rain , Thunderstorm"
10/03/2017,73,70,10,T, 
11/03/2017,64,94,6,0.73,Rain
12/03/2017,55,85,9,0.01,Rain
13/03/2017,58,85,6,0.01,Rain
14/03/2017,57,46,10,0, 
15/03/2017,62,64,9,0, 
16/03/2017,69,78,7,0.02, 
17/03/2017,74,69,10,0, 
18/03/2017,75,72,10,0, 
19/03/2017,75,69,10,0, 
20/03/2017,75,63,10,0, 
21/03/2017,74,70,10,0, 
22/03/2017,76,67,10,0, 
23/03/2017,75,56,10,0, 
24/03/2017,72,68,8,0.05,Rain
25/03/2017,69,48,10,0, 
26/03/2017,75,67,8,0, 
27/03/2017,78,73,9,0, 
28/03/2017,78,67,8,0, 
29/03/2017,72,62,8,0.73,"Rain , Thunderstorm"
30/03/2017,68,50,10,0, 
31/03/2017,71,56,10,0, 
01/04/2017,71,79,10,0, 
02/04/2017,67,74,7,0.71,"Rain , Thunderstorm"
03/04/2017,70,58,10,0, 
04/04/2017,75,52,10,0, 
05/04/2017,64,45,10,0, 
06/04/2017,64,52,10,0, 
07/04/2017,67,55,10,0, 
08/04/2017,69,72,10,0, 
09/04/2017,74,73,10,0, 
10/04/2017,76,82,8,0.1,Rain
11/04/2017,67,94,8,0.34,"Rain , Thunderstorm"
12/04/2017,70,79,10,0, 
13/04/2017,75,77,9,T,Rain
14/04/2017,75,69,10,0, 
15/04/2017,76,71,10,0, 
16/04/2017,77,73,10,0, 
17/04/2017,72,80,10,T,"Rain , Thunderstorm"
18/04/2017,72,73,10,0, 
19/04/2017,77,71,10,T,Rain
20/04/2017,79,73,10,0, 
21/04/2017,80,66,10,0, 
22/04/2017,65,69,10,0.01,Rain
23/04/2017,64,50,10,0, 
24/04/2017,65,61,10,0, 
25/04/2017,76,73,10,0, 
26/04/2017,77,51,10,0, 
27/04/2017,70,58,10,0, 
28/04/2017,83,64,9,0, 
29/04/2017,79,64,7,0.01,Thunderstorm
30/04/2017,65,43,10,0.05,"Rain , Thunderstorm"
01/05/2017,71,50,10,0, 
02/05/2017,77,57,10,0, 
03/05/2017,80,66,9,T,Rain
04/05/2017,70,43,10,0, 
05/05/2017,71,44,10,0, 
06/05/2017,73,52,10,0, 
07/05/2017,75,56,10,0, 
08/05/2017,74,66,10,0, 
09/05/2017,71,86,9,0.04,"Rain , Thunderstorm"
10/05/2017,77,76,9,T, 
11/05/2017,80,73,7,0.22,"Rain , Thunderstorm"
12/05/2017,76,61,9,0,Thunderstorm
13/05/2017,74,54,10,0, 
14/05/2017,78,63,10,0, 
15/05/2017,80,67,10,0, 
16/05/2017,78,74,10,0, 
17/05/2017,80,67,8,0.12,Rain
18/05/2017,84,72,8,T, 
19/05/2017,85,64,10,0, 
20/05/2017,75,77,9,1.22,"Rain , Thunderstorm"
21/05/2017,70,74,8,0.67,"Rain , Thunderstorm"
22/05/2017,69,81,10,0.02,Rain
23/05/2017,72,73,8,0.07,"Rain , Thunderstorm"
24/05/2017,72,54,10,0, 
25/05/2017,78,55,10,0, 
26/05/2017,84,70,10,0, 
27/05/2017,87,71,6,0.01,Rain
28/05/2017,80,73,9,0.47,"Rain , Thunderstorm"
29/05/2017,78,70,10,0, 
30/05/2017,78,68,10,0, 
31/05/2017,77,74,10,0.02,Rain
01/06/2017,78,75,10,0, 
02/06/2017,83,70,10,T, 
03/06/2017,82,69,10,0.24,"Rain , Thunderstorm"
04/06/2017,80,76,9,0.17,"Rain , Thunderstorm"
05/06/2017,78,72,9,1.39,"Fog , Rain , Thunderstorm"
06/06/2017,81,67,10,0, 
07/06/2017,83,55,10,0, 
08/06/2017,83,60,10,0, 
09/06/2017,82,69,10,0, 
10/06/2017,82,62,10,0, 
11/06/2017,83,62,10,0, 
12/06/2017,85,62,10,T,Rain
13/06/2017,87,63,10,0, 
14/06/2017,87,63,10,0, 
15/06/2017,88,65,10,0, 
16/06/2017,88,60,10,0, 
17/06/2017,89,61,10,0, 
18/06/2017,89,60,10,0, 
19/06/2017,84,72,10,0.01,"Rain , Thunderstorm"
20/06/2017,87,60,10,0, 
21/06/2017,86,54,10,0, 
22/06/2017,88,54,10,0, 
23/06/2017,91,63,10,0, 
24/06/2017,79,70,8,0.14,Rain
25/06/2017,83,67,10,0.02,Rain
26/06/2017,82,74,8,1.07,"Rain , Thunderstorm"
27/06/2017,81,75,7,0.01,Rain
28/06/2017,82,70,10,0, 
29/06/2017,87,68,10,0, 
30/06/2017,89,64,10,0, 
01/07/2017,89,62,9,T, 
02/07/2017,89,63,10,0, 
03/07/2017,88,62,10,0, 
04/07/2017,90,60,10,0, 
05/07/2017,89,58,10,0, 
06/07/2017,89,60,10,0,Thunderstorm
07/07/2017,87,61,10,0.02,"Rain , Thunderstorm"
08/07/2017,88,59,10,0,Thunderstorm
09/07/2017,89,56,10,0, 
10/07/2017,88,57,10,0, 
11/07/2017,89,58,10,0, 
12/07/2017,89,59,10,0, 
13/07/2017,90,59,10,0, 
14/07/2017,89,58,10,0, 
15/07/2017,87,65,9,0.16,"Rain , Thunderstorm"
16/07/2017,84,67,9,0, 
17/07/2017,88,63,10,T,"Rain , Thunderstorm"
18/07/2017,88,61,10,0, 
19/07/2017,89,60,10,0, 
20/07/2017,90,56,10,0, 
21/07/2017,91,56,10,T, 
22/07/2017,90,58,10,0, 
23/07/2017,90,58,10,0.04,"Rain , Thunderstorm"
24/07/2017,89,60,10,0.01,"Rain , Thunderstorm"
25/07/2017,91,61,10,0, 
26/07/2017,91,58,10,T, 
27/07/2017,89,54,10,0, 
28/07/2017,91,54,10,0, 
29/07/2017,92,51,10,0, 
30/07/2017,93,48,10,0, 
31/07/2017,88,43,10,0, 