,math1,physics1,statics,history,rights,drawing1,production,math2,physics2,drawing2,dynamics,chemistry,topics,seat
0,0,0,0,0,0,0,0,0,0,0,0,0,0,1.0
1,63,53,38,32,32,64,81,64,64,64,43,51,48,2.0
2,45,61,49,38,42,61,98,49,71,68,42,73,58,3.0
3,46,59,36,38,40,69,75,47,29,65,25,75,73,4.0
4,70,76,56,44,43,85,97,84,85,79,61,77,56,5.0
5,70,78,52,38,41,89,90,72,77,70,42,80,67,6.0
6,47,56,34,30,41,75,65,41,22,49,32,57,40,7.0
7,34,64,30,32,31,70,68,54,41,64,34,54,46,8.0
8,75,,50,33,25,,,,,,,,48,9.0
9,73,61,53,42,46,70,89,67,92,65,59,79,75,10.0
10,84,91,60,39,38,67,86,80,88,68,59,75,67,11.0
11,53,61,30,25,42,76,72,56,36,66,30,66,60,12.0
12,86,82,57,45,44,92,103,82,88,80,51,85,69,13.0
13,77,92,49,39,45,88,111,72,91,77,38,84,71,14.0
14,69,71,39,33,41,70,66,48,60,73,42,78,54,15.0
15,50,69,37,34,46,70,66,44,32,60,34,65,62,16.0
16,75,93,57,47,43,78,105,79,91,87,53,82,60,17.0
17,78,84,52,32,43,77,76,61,62,79,45,79,68,18.0
18,74,92,50,37,46,82,102,64,74,68,44,78,60,19.0
19,73,77,47,29,42,79,68,67,62,61,40,75,71,20.0
20,67,77,61,35,41,75,72,71,72,72,38,72,62,21.0
21,50,56,35,38,42,75,70,43,78,46,40,70,66,22.0
22,45,55,35,29,43,79,58,45,57,65,36,59,71,23.0
23,50,51,28,32,27,64,76,16,50,64,37,69,59,24.0
24,29,65,17,23,14,16,47,35,62,33,22,65,55,25.0
25,61,60,42,28,29,50,68,70,55,42,26,62,66,26.0
26,79,77,35,36,43,76,76,,,,,,,27.0
27,62,66,50,25,36,80,81,59,83,83,40,74,64,28.0
28,,,,,,,,,,,,,,29.0
29,62,63,40,39,41,75,81,56,76,74,47,66,62,30.0
30,,76,18,32,32,60,,,,,,,,31.0
31,68,79,67,37,42,83,102,65,66,85,41,76,57,32.0
32,71,80,55,39,36,58,67,57,81,62,55,76,67,33.0
33,,,,,,,,,,,,,,34.0
34,67,73,44,39,46,69,81,69,65,74,37,75,54,35.0
35,59,58,46,42,40,72,88,62,33,56,33,60,70,36.0
36,74,81,59,45,36,80,90,83,91,76,61,76,63,37.0
37,89,85,58,42,48,91,107,70,93,71,67,83,68,38.0
38,55,62,56,40,35,77,89,,,,,,,39.0
39,,,,,,,,,,,,,,40.0
40,71,74,51,37,39,76,81,62,54,66,47,77,61,41.0
41,,,,,,,,,,,,,,42.0
42,57,59,39,35,36,65,73,55,61,72,41,64,51,43.0
43,59,70,60,36,36,85,92,61,67,82,48,73,72,44.0
44,57,70,47,43,44,75,77,66,85,69,51,62,42,45.0
45,67,80,45,39,46,59,69,69,82,76,56,72,75,46.0
46,,,,,,,,,,,,,,47.0
47,71,60,60,47,42,81,87,83,85,85,54,64,70,48.0
48,52,74,34,40,47,63,53,46,68,55,32,69,54,49.0
49,45,56,48,34,27,65,65,16,51,35,23,69,58,50.0
50,59,89,56,41,44,65,83,78,96,77,62,78,68,51.0
51,45,70,34,35,40,61,61,41,46,59,45,63,55,52.0
52,64,76,54,30,40,77,83,71,84,60,54,77,60,53.0
53,71,76,47,42,43,78,66,71,82,67,45,75,64,54.0
54,50,56,24,28,44,85,57,,,,,,,55.0
55,66,60,41,36,47,85,82,78,82,87,50,77,58,56.0
56,30,20,15,30,30,41,35,46,25,49,9,51,48,57.0
57,74,91,59,42,37,78,89,76,84,69,55,77,66,58.0
58,71,70,41,40,35,61,77,72,63,65,44,64,73,59.0
59,,,,,,,,,,,,,,60.0
60,,,,,,,,,,,,,,61.0
61,92,94,61,40,40,82,103,92,97,78,59,85,68,62.0
62,,,,36,28,,,,,,,,,63.0
63,63,75,45,45,46,80,105,60,81,78,48,69,58,64.0
64,46,72,41,33,45,71,80,66,47,70,31,73,73,65.0
65,62,71,53,37,46,90,93,78,81,83,56,76,68,66.0
66,79,60,54,36,46,90,82,79,84,81,43,74,57,67.0
67,,,,,,,,,,,,,,68.0
68,77,76,58,40,43,90,82,82,88,79,57,79,70,69.0
69,79,82,62,43,45,76,117,69,87,74,53,75,63,70.0
70,26,56,23,28,35,53,50,42,19,35,23,76,60,71.0
71,94,84,60,42,46,72,98,87,91,80,69,81,56,72.0
72,55,86,56,43,45,80,112,77,90,81,59,79,70,73.0
73,64,64,48,31,33,57,71,55,57,64,46,64,48,74.0
74,37,74,18,35,40,61,58,37,30,46,27,54,67,75.0
75,59,66,43,33,43,75,74,56,58,64,40,71,67,76.0
76,45,50,30,38,42,68,71,42,32,46,27,57,38,77.0
77,45,59,21,35,41,37,54,,,,,,,78.0
78,76,66,30,44,45,72,84,55,47,66,43,69,53,79.0
79,,,,,,,,,,,,,,80.0
80,56,84,45,39,47,70,109,72,84,80,55,81,68,81.0
81,88,83,58,38,45,82,76,79,84,65,45,69,50,82.0
82,76,83,57,36,46,71,60,71,76,58,55,87,62,83.0
83,58,81,37,32,44,51,64,70,52,51,44,74,56,84.0
84,87,83,60,39,46,68,93,94,84,66,67,79,51,85.0
85,82,89,56,42,45,85,106,94,97,86,49,83,64,86.0
86,,,,,,,,,,,,,,87.0
87,84,91,62,45,44,72,107,92,94,81,63,83,56,88.0
88,83,84,67,44,43,94,102,79,81,87,66,80,68,89.0
89,88,93,70,42,44,86,100,84,89,82,66,82,56,90.0
90,,,,32,32,64,69,,,,,,,91.0
91,12,43,0,24,38,33,15,18,49,,4,11,58,92.0
92,61,62,20,34,44,81,86,33,29,87,11,62,65,93.0
93,45,73,32,37,45,67,70,70,75,66,27,72,57,94.0
94,,,,,,,,,,,,,,95.0
95,,,,,,,,,,,,,,96.0
96,61,81,65,34,41,66,88,64,73,72,57,80,71,97.0
97,,,,,,,,,,,,,,98.0
98,69,75,58,26,43,80,88,66,67,70,37,72,64,99.0
99,83,75,42,37,46,81,76,60,71,68,37,74,57,100.0
100,62,76,54,40,41,76,69,76,92,76,58,81,61,101.0
101,62,64,39,32,24,57,61,50,64,57,36,50,45,102.0
102,84,94,61,44,44,73,78,90,92,74,67,85,72,103.0
103,10,29,0,28,38,34,28,24,18,15,2,60,50,104.0
104,83,74,58,33,47,72,73,83,94,86,45,72,65,105.0
105,74,81,58,33,43,65,87,73,83,72,53,77,52,106.0
106,63,67,57,32,46,34,87,70,84,50,38,75,68,107.0
107,91,95,72,48,46,88,110,94,94,89,68,87,71,108.0
108,,,,,,,,,,,,,,109.0
109,,,48,,32,,,,,,,,,110.0
110,69,77,55,39,40,76,82,76,78,79,53,82,73,111.0
111,,54,,40,28,77,96,,,78,,57,59,112.0
112,,,,,,,,,,,,,,113.0
113,53,68,32,35,46,75,68,59,64,78,44,73,50,114.0
114,59,66,42,27,,,,58,,,,50,47,115.0
115,55,72,49,41,43,67,80,54,71,67,50,81,62,116.0
116,71,73,47,38,40,59,82,70,78,51,42,69,66,117.0
117,67,60,39,38,40,77,74,41,46,74,26,66,65,118.0
118,82,93,65,45,44,78,114,83,90,86,61,83,68,119.0
119,73,88,46,39,40,72,79,69,86,81,62,81,52,120.0
120,61,67,53,35,45,79,81,55,70,78,38,76,69,121.0
121,,,,,,,,,,,,,,122.0
122,69,64,40,34,41,70,91,45,59,72,32,70,38,123.0
123,46,61,37,37,42,82,70,46,67,83,22,73,55,124.0
124,51,67,38,33,42,76,84,46,48,61,16,72,59,125.0
125,,,,,,,,,,,,,,126.0
126,76,89,53,34,42,85,77,68,76,81,44,76,61,127.0
127,88,70,54,34,42,69,74,81,87,75,38,73,52,128.0
128,65,69,50,37,42,67,87,65,62,80,50,82,67,129.0
129,81,92,53,44,47,72,93,65,85,78,60,63,57,130.0
130,77,80,60,34,45,86,86,66,75,84,44,70,68,131.0
131,64,75,60,36,42,68,87,56,90,71,53,76,54,132.0
132,55,64,32,30,41,73,64,41,34,80,20,65,51,133.0
133,38,70,31,36,38,65,68,23,21,43,9,63,49,134.0
134,92,87,62,38,44,78,91,92,93,89,59,85,68,135.0
135,83,84,51,44,41,75,93,75,43,81,48,73,53,136.0
136,58,59,34,31,42,66,67,54,41,59,34,65,65,137.0
137,79,69,58,32,36,67,72,65,72,65,44,73,52,138.0
138,98,87,72,43,41,79,109,94,94,82,65,80,71,139.0
139,52,56,36,39,43,67,77,50,45,74,26,70,54,140.0
140,85,97,61,43,47,75,88,88,80,60,50,69,46,141.0
141,72,87,49,45,41,62,77,67,84,57,48,84,74,142.0
142,,,,32,32,66,65,,,,,50,,143.0
143,38,59,23,35,41,56,48,40,29,56,14,60,65,144.0
144,99,82,71,41,43,78,97,98,94,80,72,88,58,145.0
145,,,,36,39,78,79,,49,62,39,64,55,146.0
146,94,98,70,43,44,79,102,91,96,88,72,84,72,147.0
147,32,45,14,26,40,56,44,19,65,34,16,55,49,148.0
148,74,87,57,40,45,73,100,79,80,72,60,74,56,149.0
149,,,,33,,,,,,,,,,150.0
150,66,72,35,36,45,74,91,72,79,58,51,75,59,151.0
151,45,76,46,37,41,55,66,35,59,48,23,62,58,152.0
152,67,74,40,39,44,59,71,55,66,65,42,63,60,153.0
153,60,78,43,36,46,68,81,54,71,63,39,78,57,154.0
154,72,88,61,36,44,70,76,64,85,73,45,74,69,155.0
155,51,53,26,37,36,75,80,24,26,78,11,56,55,156.0
156,,,,,,,,,,,,,,157.0
157,53,61,51,39,44,83,76,64,59,87,42,80,56,158.0
158,,,,,,,,,,,,,,159.0
159,42,72,16,30,35,58,50,,,,,,,160.0
160,76,93,66,47,44,74,110,78,89,78,48,84,66,161.0
161,52,61,36,28,42,54,53,19,68,43,15,52,38,162.0
162,50,49,42,38,32,75,66,41,31,58,32,53,47,163.0
163,60,71,57,42,46,85,95,75,57,87,59,72,61,164.0
164,,,,,,,,,,,,,,165.0
165,78,88,59,44,45,62,85,72,77,68,66,68,52,166.0
166,66,71,52,41,41,69,87,74,74,82,54,84,64,167.0
167,34,46,12,27,39,50,49,18,14,27,9,54,48,168.0
168,,,,42,,59,66,,,,,,,169.0
169,89,89,66,40,46,79,98,82,80,81,58,80,52,170.0
170,83,75,58,38,44,66,97,84,85,61,60,79,72,171.0
171,68,75,52,41,43,75,88,85,92,62,56,79,57,172.0
172,79,84,63,45,45,67,106,75,80,58,43,76,63,173.0
173,69,60,52,33,45,71,66,43,55,84,36,64,56,174.0
174,45,40,30,34,41,56,71,37,36,43,25,57,54,175.0
175,75,77,61,45,44,67,91,63,62,60,43,70,59,176.0
176,74,81,34,41,43,66,68,72,53,63,28,76,52,177.0
177,45,49,26,37,41,67,65,58,25,44,31,64,42,178.0
178,60,48,34,42,44,66,81,62,23,63,19,79,59,179.0
179,63,73,47,30,46,82,74,72,67,60,39,66,54,180.0
180,66,81,57,34,42,70,74,71,73,54,47,71,54,181.0
181,,,,,,,,,,,,,,182.0
182,73,68,53,36,42,91,84,78,80,76,56,70,55,183.0
183,67,76,46,40,41,87,81,76,71,74,46,68,56,184.0
184,68,86,51,44,41,83,83,78,80,72,42,64,60,185.0
185,72,68,54,41,45,57,73,70,83,69,50,76,55,186.0
186,56,69,42,35,44,80,80,67,71,65,22,78,60,187.0
187,83,76,57,39,31,75,110,88,93,82,51,94,63,188.0
188,,,,,,,,,,,,,,189.0
189,72,84,61,43,40,80,95,74,84,79,48,79,60,190.0
190,81,92,53,38,44,73,107,88,91,83,60,84,62,191.0
191,70,77,53,41,44,77,89,76,92,79,53,79,59,192.0
192,60,74,37,39,43,66,97,41,34,60,37,72,75,193.0
193,64,80,56,34,47,81,96,68,67,70,50,61,53,194.0
194,93,80,62,40,41,85,101,84,96,69,66,79,47,195.0
195,,,,,,,,,,,,,,196.0
196,52,72,44,47,44,85,91,78,59,79,38,70,58,197.0
197,82,83,64,45,43,88,88,84,91,78,65,82,60,198.0
198,90,73,48,36,43,71,78,75,87,46,44,71,49,199.0
199,98,98,70,43,46,95,105,90,96,81,74,84,72,200.0
200,,,,,,,,,,,,,,201.0
201,50,66,45,37,44,59,95,58,41,61,34,74,53,202.0
202,,,,,,,,,,,,,,203.0
203,78,80,57,37,40,85,96,80,84,76,64,78,59,204.0
204,,,,,,,,,,,,,,205.0
205,45,58,17,32,46,70,53,43,39,54,13,63,59,206.0
206,,,,,,,,,,,,,,207.0
207,37,76,11,27,39,53,48,52,72,42,33,68,53,208.0
208,,,,,,,,,,,,,,209.0
209,80,49,53,40,44,65,79,76,60,59,46,64,71,210.0
210,77,95,58,44,47,80,110,78,94,79,63,87,58,211.0
211,87,94,61,42,47,72,101,88,91,85,70,86,58,212.0
212,64,70,45,39,45,69,108,53,57,70,46,76,53,213.0
213,61,63,49,39,39,77,79,55,74,75,34,69,48,214.0
214,64,69,55,40,45,82,86,69,74,78,42,76,62,215.0
215,,,,35,25,,,,,,,0,,216.0
216,,,,37,27,,,,,,,50,,217.0
217,82,93,62,46,42,75,93,86,92,80,66,88,65,218.0
218,60,78,58,37,44,70,98,78,82,55,51,81,64,219.0
219,66,83,56,44,44,71,84,62,78,74,45,72,68,220.0
220,72,79,68,44,47,78,95,80,74,76,49,80,68,221.0
221,92,90,48,43,46,68,97,63,84,76,57,80,73,222.0
222,57,75,45,46,43,73,80,64,62,61,39,73,74,223.0
223,,72,,41,38,62,85,,66,58,43,51,55,224.0
224,67,76,45,39,45,72,93,61,84,67,55,72,64,225.0
225,77,83,68,44,36,93,93,78,89,84,62,81,69,226.0
226,45,45,39,29,41,75,73,40,26,53,32,59,62,227.0
227,75,98,63,44,41,82,90,80,92,79,63,80,61,228.0
228,,,,,,,,,,,,,,229.0
229,51,45,34,37,42,71,64,43,26,62,37,67,60,230.0
230,40,45,21,30,41,53,41,32,40,48,12,57,51,231.0
231,82,70,53,45,43,67,103,67,81,46,42,78,62,232.0
232,73,83,56,40,36,91,91,78,75,84,61,77,43,233.0
233,87,100,69,43,42,85,116,96,98,83,64,86,72,234.0
234,88,95,64,46,43,82,118,86,91,78,66,88,70,235.0
235,76,75,60,34,46,91,89,61,78,66,44,67,71,236.0
236,70,72,52,43,40,79,86,67,68,62,45,71,70,237.0
237,72,79,66,42,42,76,92,85,69,41,54,71,71,238.0
238,,,,,,,,,,,,,,239.0
239,64,64,47,32,32,64,81,64,64,24,41,63,48,240.0
240,52,57,42,44,46,83,85,25,56,52,19,56,61,241.0
241,50,34,8,28,12,41,25,24,20,13,12,46,55,242.0
242,,,,,,,,,,,,,,243.0
243,57,73,53,43,41,73,101,53,60,57,45,72,68,244.0
244,96,98,63,39,42,85,83,88,94,70,61,74,66,245.0
245,92,89,54,39,40,77,78,86,94,80,67,69,72,246.0
246,91,90,71,40,43,99,105,96,94,92,66,85,71,247.0
247,85,91,51,44,41,69,86,96,96,80,70,88,71,248.0
248,,,,,,,,,,,,,,249.0
249,92,93,69,46,46,85,99,89,96,88,71,88,70,250.0
250,,,,34,,52,,,58,58,,50,48,251.0
251,74,60,34,33,38,50,75,67,72,62,45,77,75,252.0
252,85,76,61,45,41,90,108,64,69,85,60,79,67,253.0
253,76,86,59,34,42,94,88,71,93,90,42,75,61,254.0
254,90,75,51,41,46,86,90,94,92,64,61,83,69,255.0
255,89,77,60,38,43,70,72,79,75,82,62,76,64,256.0
256,75,71,59,36,40,78,82,53,73,80,54,73,70,257.0
257,82,87,72,40,45,88,100,90,84,83,59,83,74,258.0
258,62,68,52,35,44,79,84,47,63,50,24,72,66,259.0
259,73,80,59,41,43,78,86,75,81,63,60,80,72,260.0
260,77,66,53,32,44,72,85,66,74,75,47,74,53,261.0
261,65,66,50,33,40,80,82,63,84,68,51,69,61,262.0
262,67,91,54,39,42,81,91,88,79,82,70,81,55,263.0
263,,,,,,,,,,,,,,264.0
264,67,89,62,37,42,76,87,90,80,69,49,70,74,265.0
265,,,,,,,,,,,,,,266.0
266,26,70,30,24,42,80,55,52,41,75,36,56,57,267.0
267,73,74,55,34,41,62,73,79,63,47,42,85,69,268.0
268,,,,30,25,,,,,,,56,56,269.0
269,67,75,56,30,35,69,60,62,59,57,50,61,56,270.0
270,58,63,41,29,24,69,73,64,46,56,38,53,46,271.0
271,81,62,45,29,43,73,50,86,57,59,48,65,54,272.0
272,80,90,60,44,44,76,96,68,70,62,60,82,63,273.0
273,67,70,55,34,43,75,83,63,82,70,61,81,46,274.0
274,61,68,48,41,38,80,92,51,73,76,53,82,71,275.0
275,,,,,,,,,,,,,,276.0
276,,,,,,,,,,,,,56,277.0
277,41,43,11,35,46,65,73,25,42,56,17,70,67,278.0
278,57,76,53,35,40,71,67,71,51,63,38,72,70,279.0
279,92,87,70,41,46,86,93,97,96,86,67,76,64,280.0
280,67,65,52,43,44,83,94,68,70,79,57,65,55,281.0
281,72,77,57,35,43,87,74,74,82,84,50,79,74,282.0
282,73,87,61,37,45,75,91,80,80,74,55,82,61,283.0
283,59,65,52,36,42,70,75,76,82,70,45,70,66,284.0
284,80,,62,43,,75,109,75,90,85,44,81,62,285.0
285,51,58,40,32,25,59,65,52,40,50,19,59,49,286.0
286,47,58,28,31,26,26,36,55,41,36,28,54,41,287.0
287,40,58,23,30,41,52,64,63,23,52,27,60,57,288.0
288,36,49,27,35,40,45,59,37,16,36,20,57,60,289.0
289,91,81,56,43,48,65,105,90,95,85,62,81,61,290.0
290,89,85,53,35,45,78,82,88,75,86,59,87,56,291.0
291,66,58,40,37,45,59,69,55,66,68,37,65,59,292.0
292,52,45,30,36,43,61,65,70,34,64,45,57,64,293.0
293,,,,30,,,,,66,,,,67,294.0
294,60,69,42,32,45,75,77,71,90,81,43,60,62,295.0
295,71,71,60,39,36,75,81,81,89,87,57,78,58,296.0
296,56,72,48,31,40,55,63,63,74,51,47,61,65,297.0
297,,,,,,,,,,,,,,298.0
298,67,66,40,33,40,57,70,74,78,65,56,67,59,299.0
299,68,83,51,35,43,85,87,53,82,85,47,77,58,300.0
300,23,20,18,30,45,,38,,,,,,,301.0
301,79,63,54,34,44,88,65,57,73,74,31,61,54,302.0
302,,,,,,,,,,,,,,303.0
303,,,,,,,,,,,,,,304.0
304,40,44,10,30,39,56,43,22,16,58,15,51,45,305.0
305,72,79,56,38,45,93,80,86,98,87,71,87,72,306.0
306,78,74,54,34,41,61,82,84,80,76,56,74,56,307.0
307,62,90,63,41,41,85,85,82,93,82,50,84,75,308.0
308,63,72,51,39,45,68,94,63,85,76,51,67,65,309.0
309,57,54,37,34,39,50,50,64,32,41,30,62,65,310.0
310,32,61,28,34,32,60,72,40,74,46,19,50,43,311.0
311,82,75,66,35,43,73,84,82,80,76,55,74,67,312.0
312,48,52,42,28,46,59,74,52,37,56,47,48,57,313.0
313,87,75,54,38,45,78,83,82,95,71,60,75,69,314.0
314,63,67,60,35,47,72,78,73,89,56,54,72,66,315.0
315,,,,,,,,,,,,,,316.0
316,74,85,59,46,44,75,107,82,88,80,68,89,55,317.0
317,,,,,,,,,,,,,,318.0
318,92,75,59,37,45,77,82,70,70,76,54,68,64,319.0
319,,,,,,,,,,,,,,320.0
320,74,95,56,38,48,78,98,77,81,77,39,78,66,321.0
321,87,80,55,41,45,72,88,87,89,75,55,79,56,322.0
322,54,64,46,38,26,85,78,49,44,59,41,50,55,323.0
323,71,88,51,38,42,89,108,92,83,65,55,80,68,324.0
324,80,65,42,36,44,83,76,66,71,64,45,81,65,325.0
325,38,55,27,31,41,53,70,34,40,40,36,47,54,326.0
326,67,71,49,40,43,63,79,72,53,63,47,77,67,327.0
327,81,73,66,34,47,73,109,89,87,69,66,90,74,328.0
328,78,75,54,42,45,72,89,79,86,75,56,76,58,329.0
329,82,72,62,32,43,83,65,73,64,83,44,73,57,330.0
330,69,78,63,40,42,87,107,76,86,83,54,70,51,331.0
331,97,98,66,46,45,70,118,88,89,65,60,88,71,332.0
332,77,77,59,47,44,69,92,79,71,66,57,73,49,333.0
333,71,85,47,36,40,68,77,80,88,84,58,83,55,334.0
334,52,75,50,35,35,70,60,74,80,73,63,70,71,335.0
335,84,83,67,46,43,72,98,76,96,74,65,76,60,336.0
336,81,87,62,40,46,77,102,93,90,82,62,84,65,337.0
337,94,99,66,44,46,77,89,92,80,78,63,95,55,338.0
338,63,85,58,46,45,83,104,73,87,83,57,77,66,339.0
339,54,58,36,37,44,65,75,34,69,62,27,58,63,340.0
340,64,70,46,42,45,71,66,52,73,63,46,67,61,341.0
341,62,66,45,32,46,75,60,74,71,76,32,68,66,342.0
342,,,,,,,,,,,,,,343.0
343,64,64,36,33,43,73,67,56,49,91,36,79,56,344.0
344,82,92,61,44,46,75,110,90,93,80,65,83,68,345.0
345,,,,,,,,,,,,,,346.0
346,65,65,41,34,44,73,58,69,71,63,41,69,55,347.0
347,83,82,67,29,44,78,75,63,85,86,47,70,68,348.0
348,77,84,58,41,45,63,99,72,98,67,53,81,61,349.0
349,97,81,63,30,41,77,72,66,68,61,41,63,71,350.0
350,76,72,62,38,46,80,86,71,82,74,46,80,69,351.0
351,69,77,51,32,42,65,61,65,76,61,32,61,48,352.0
352,59,49,34,35,42,58,89,45,61,64,35,64,48,353.0
353,42,65,34,24,41,51,29,23,66,55,18,50,56,354.0
354,,,,,,,,,,,,,,355.0
355,,,,,,,,,,,,,,356.0
356,73,89,60,31,45,92,102,93,91,86,61,87,61,357.0
357,,,,,,,,,,,,,,358.0
358,89,93,60,41,45,75,99,91,86,88,65,85,61,359.0
359,34,55,20,36,42,63,48,,,,,,,360.0
360,62,83,59,32,45,81,78,50,79,74,36,80,73,361.0
361,78,73,67,29,45,67,75,68,87,58,47,78,71,362.0
362,70,94,52,40,44,67,86,73,90,91,53,80,58,363.0
363,,,,,,,,,,,,,,364.0
364,33,46,8,22,41,21,15,12,2,13,14,40,52,365.0
365,79,82,61,45,42,60,90,67,83,62,60,77,62,366.0
366,45,84,15,32,41,54,57,59,51,54,17,69,64,367.0
367,70,86,49,37,46,63,77,85,87,75,46,82,58,368.0
368,62,59,50,32,41,76,66,51,69,76,46,80,61,369.0
369,96,93,68,44,45,90,97,87,94,79,60,85,56,370.0
370,64,64,44,32,32,64,31,48,53,42,30,50,48,371.0
371,65,77,55,39,42,88,96,62,66,83,42,62,65,372.0
372,,,,,,,,,,,,,,373.0
373,60,64,39,43,41,50,84,41,45,47,27,66,65,374.0
374,78,83,60,38,42,89,93,72,67,73,56,77,59,375.0
375,,,,,,,,,,,,,,376.0
376,74,83,57,42,43,75,91,75,91,65,51,79,56,377.0
377,69,49,56,34,41,63,79,45,60,56,48,62,44,378.0
378,52,67,61,43,42,85,96,57,70,83,46,69,65,379.0
379,83,84,57,35,42,69,71,76,86,56,60,77,63,380.0
380,,,39,36,24,67,76,,50,49,,,42,381.0
381,58,66,49,39,42,88,66,42,61,74,38,74,62,382.0
382,64,75,51,36,42,73,74,53,78,63,46,60,69,383.0
383,66,84,60,40,47,78,76,62,74,77,56,78,55,384.0
384,73,84,58,42,44,67,86,70,98,60,54,81,62,385.0
385,,,,,,,,,,,,,,386.0
386,47,64,43,32,28,82,77,33,52,71,38,65,55,387.0
387,78,82,53,40,44,73,72,70,81,66,58,77,55,388.0
388,56,77,46,47,41,83,78,50,67,58,45,61,,389.0
389,62,70,47,36,44,63,71,70,82,65,51,74,59,390.0
390,50,73,40,40,42,71,78,56,47,65,36,68,56,391.0
391,62,74,52,41,44,82,77,69,77,74,47,80,64,392.0
392,73,78,53,35,45,78,82,67,87,72,56,74,49,393.0
393,71,95,61,35,46,71,94,83,87,70,49,79,59,394.0
394,65,79,58,44,45,71,91,70,87,70,61,88,57,395.0
395,45,54,42,36,42,52,51,31,34,54,32,66,64,396.0
396,68,72,60,43,44,85,86,70,87,79,44,76,60,397.0
397,,,,,,,,,,,,,,398.0
398,,,,,,,,,,,,,,399.0
399,82,93,61,39,43,81,91,79,95,75,67,85,62,400.0
400,,,,,,,,,,,,,,401.0
401,,,,,,,,,,,,,,402.0
402,52,55,44,37,48,67,76,38,51,73,45,72,64,403.0
403,54,67,17,38,44,56,58,35,38,57,25,53,61,404.0
404,65,67,54,33,40,70,82,64,82,62,43,72,56,405.0
405,79,90,61,36,44,92,94,86,88,85,52,74,65,406.0
406,77,67,61,35,43,,71,,,,,,,407.0
407,87,83,40,28,43,65,89,86,96,73,56,82,66,408.0
408,24,39,12,30,40,53,45,,,,,,,409.0
409,62,87,60,38,47,70,68,74,87,71,53,86,72,410.0
410,61,76,45,39,42,85,77,52,82,68,49,72,54,411.0
411,,,,,,,,,,,,,,412.0
412,69,60,45,29,38,50,50,63,79,28,52,47,36,413.0
413,82,86,60,43,45,79,78,80,91,75,57,80,59,414.0
414,,,,,,,,,,,,,,415.0
415,92,91,62,39,44,81,93,92,92,62,55,74,68,416.0
416,67,74,51,40,44,71,94,74,84,69,55,85,53,417.0
417,82,86,62,44,42,79,95,71,92,66,57,85,72,418.0
418,78,62,63,38,42,77,93,,,,,,,419.0
419,32,53,27,37,34,52,50,10,20,30,17,52,46,420.0
420,72,80,53,38,48,70,81,84,88,60,50,77,68,421.0
421,84,88,72,40,46,86,113,87,93,89,61,85,62,422.0
422,83,96,64,44,44,85,91,94,96,76,70,86,58,423.0
423,82,60,44,25,43,70,62,36,64,51,19,55,70,424.0
424,82,80,59,43,47,73,107,84,92,68,52,80,56,425.0
425,71,87,67,42,44,83,99,57,87,66,55,83,71,426.0
426,57,77,48,38,43,76,86,75,85,62,59,80,51,427.0
427,90,91,69,42,44,85,103,80,97,68,73,90,72,428.0
428,81,75,64,40,42,75,88,73,90,66,43,82,68,429.0
429,71,77,54,39,43,61,79,63,85,63,44,80,53,430.0
430,81,83,63,38,44,83,85,59,88,73,56,72,62,431.0
431,,,,,,,,,,,,,,432.0
432,84,82,61,45,43,83,104,81,94,67,56,86,57,433.0
433,67,73,60,37,46,68,65,60,61,58,33,58,43,434.0
434,81,80,61,40,42,82,96,75,84,69,49,69,59,435.0
435,82,91,57,38,44,83,83,72,90,66,59,73,59,436.0
436,64,73,47,34,46,91,64,45,60,61,38,71,65,437.0
437,61,54,43,37,44,79,68,58,29,84,22,66,50,438.0
438,92,91,53,38,44,82,97,78,89,80,63,83,70,439.0
439,81,81,61,45,47,82,101,69,83,88,63,82,72,440.0
440,72,62,65,40,42,94,83,60,72,64,40,58,49,441.0
441,53,80,38,38,39,78,58,34,53,63,28,48,56,442.0
442,45,55,35,32,39,80,68,51,42,72,42,67,58,443.0
443,50,65,41,36,42,69,88,46,58,51,44,63,47,444.0
444,,,,,,,,,,,,,,445.0
445,74,94,67,44,41,83,94,76,82,75,44,77,56,446.0
446,53,59,42,40,45,66,68,41,37,71,24,63,54,447.0
447,94,92,60,40,47,85,104,86,94,86,56,92,55,448.0
448,86,95,62,39,43,79,85,91,97,83,64,89,65,449.0
449,,,,36,25,90,77,60,,52,54,70,59,450.0
450,50,54,39,38,41,65,57,39,39,50,35,62,61,451.0
451,50,54,37,27,44,73,37,36,49,67,21,60,54,452.0
452,57,66,28,34,45,73,65,51,59,51,21,68,62,453.0
453,66,73,44,38,42,76,77,65,72,69,40,79,54,454.0
454,,64,39,38,32,86,84,,,,,68,,455.0
455,69,71,49,35,44,85,81,83,79,86,40,79,60,456.0
456,85,90,58,42,43,80,92,79,93,88,53,81,62,457.0
457,57,69,52,36,39,79,68,,,77,,56,,458.0
458,61,81,60,37,45,75,88,63,93,74,50,76,65,459.0
459,,,,,,,,,,,,,68,460.0
460,74,72,55,31,41,77,86,81,94,80,57,79,64,461.0
461,67,82,58,37,44,63,74,86,92,73,63,72,47,462.0
462,70,86,48,45,43,67,86,77,98,76,56,79,71,463.0
463,29,37,10,19,34,37,38,12,13,8,0,20,26,464.0
464,56,67,49,40,45,80,83,73,60,82,44,63,69,465.0
465,93,91,64,40,42,79,89,80,88,80,53,79,53,466.0
466,87,62,37,29,45,60,54,79,89,79,63,76,63,467.0
467,,,,,,,,,,,,,,468.0
468,71,85,44,42,44,75,81,82,82,76,60,80,69,469.0
469,93,91,71,46,45,94,111,89,98,89,65,89,64,470.0
470,82,91,61,42,43,79,89,71,86,64,51,83,53,471.0
471,68,58,54,38,47,50,78,51,68,47,42,75,63,472.0
472,67,59,52,34,37,68,67,61,82,47,29,72,70,473.0
473,86,83,53,44,44,78,80,78,90,78,47,71,58,474.0
474,50,71,15,24,41,67,41,22,13,42,15,59,48,475.0
475,,,,,,,,,,,,,,476.0
476,50,49,40,34,30,61,77,31,43,58,28,57,56,477.0
477,84,79,41,39,44,75,90,88,85,84,56,78,71,478.0
478,,,,,,,,,,,,,,479.0
479,53,74,56,40,47,67,76,54,85,76,36,75,37,480.0
480,,,,,,,,,,,,,,481.0
481,28,49,37,39,31,49,78,,70,,,60,37,482.0
482,73,77,50,38,40,78,67,72,78,70,53,72,64,483.0
483,51,59,14,37,40,66,57,64,33,55,12,61,55,484.0
484,61,56,49,30,39,80,69,57,61,71,43,75,52,485.0
485,79,95,61,43,45,81,105,77,91,81,55,80,68,486.0
486,84,90,66,41,43,85,97,92,96,87,59,81,71,487.0
487,,49,12,37,45,54,15,,,,,,,488.0
488,39,73,29,30,43,60,62,58,68,47,31,83,48,489.0
489,45,56,19,39,43,72,82,48,49,66,19,81,71,490.0
490,,,,,,,,,,,,,,491.0
491,61,66,44,34,42,90,78,31,62,65,36,66,53,492.0
492,,67,32,,35,50,63,51,46,69,45,64,55,493.0
493,50,51,28,38,40,76,65,45,46,92,38,67,63,494.0
494,79,79,65,34,38,78,79,75,85,83,51,76,46,495.0
495,76,59,57,39,44,67,76,56,53,70,36,82,63,496.0
496,61,57,11,32,41,73,44,16,9,50,6,70,44,497.0
497,64,64,49,39,32,57,68,65,71,63,54,62,47,498.0
498,67,74,34,33,43,66,71,53,45,61,26,71,70,499.0
499,57,55,18,28,40,62,44,39,57,37,17,71,57,500.0
500,53,61,15,36,43,76,58,51,19,49,15,55,63,501.0
501,64,95,71,49,44,97,108,81,93,83,58,88,50,502.0
502,63,93,57,41,46,81,109,52,86,81,43,82,68,503.0
503,,,,,,,,,,,,,,504.0
504,34,58,40,37,40,70,63,49,63,55,38,78,71,505.0
505,79,89,54,45,45,68,103,74,89,78,58,86,62,506.0
506,72,79,59,38,44,76,91,69,86,72,43,84,71,507.0
507,25,43,,30,32,54,29,8,,54,22,50,54,508.0
508,,,,,,,,,,,,,,509.0
509,58,86,50,40,41,63,93,72,82,63,42,82,59,510.0
510,40,68,41,28,41,85,66,41,42,71,27,69,73,511.0
511,58,68,55,34,41,82,78,,,,,,,512.0
512,,,,,,,,,,,,,,513.0
513,64,85,50,36,40,70,57,47,68,64,33,76,61,514.0
514,92,98,62,46,43,88,99,78,92,83,55,86,64,515.0
515,73,89,49,39,44,75,75,73,78,72,47,67,71,516.0
516,43,52,38,34,27,55,60,55,34,52,23,59,45,517.0
517,55,54,44,36,38,95,70,50,59,84,41,63,68,518.0
518,56,80,51,41,40,69,74,65,69,72,48,75,51,519.0
519,50,61,42,30,40,68,66,78,71,52,51,80,51,520.0
520,,,,,,,,,,,,,,521.0
521,70,73,62,37,40,70,86,73,73,58,45,73,48,522.0
522,50,70,34,37,36,66,77,59,48,60,31,70,57,523.0
523,70,88,65,46,46,91,103,100,88,89,65,85,65,524.0
524,45,71,35,26,37,51,52,47,18,47,21,58,62,525.0
525,34,76,31,31,43,68,102,45,59,53,30,76,61,526.0
526,62,86,62,42,44,69,86,81,84,75,57,74,52,527.0
527,,,,,,,,,,,,,,528.0
528,84,86,55,39,45,76,96,78,89,73,49,76,57,529.0
529,87,93,70,32,44,83,80,82,85,65,54,73,74,530.0
530,53,70,58,44,46,87,100,78,95,82,54,85,64,531.0
531,99,89,60,37,46,88,115,92,88,86,66,85,70,532.0
532,68,64,47,38,41,73,75,63,61,49,38,72,57,533.0
533,82,86,60,45,42,86,92,76,85,84,52,80,70,534.0
534,67,72,56,42,45,85,88,75,82,83,50,78,55,535.0
535,54,60,56,42,44,65,92,65,86,66,58,84,55,536.0
536,,,,,,,,,,,,,,537.0
537,57,68,59,35,43,85,87,66,70,65,49,86,64,538.0
538,91,80,63,34,45,80,101,85,95,76,64,78,62,539.0
539,58,84,51,36,44,69,82,65,79,40,46,75,56,540.0
540,71,95,62,39,44,72,108,87,91,72,62,83,68,541.0
541,75,90,65,38,44,82,85,84,83,79,53,74,50,542.0
542,75,80,72,43,43,80,77,88,85,80,61,75,61,543.0
543,53,60,40,40,29,64,76,49,55,51,30,54,67,544.0
544,58,47,26,32,32,61,65,,29,45,,55,48,545.0
545,38,56,21,27,42,50,64,33,27,38,13,51,59,546.0
546,20,33,43,38,24,55,70,37,49,29,14,59,50,547.0
547,75,80,59,37,45,65,69,83,88,68,57,72,64,548.0
548,82,85,55,40,42,89,77,84,70,64,47,73,55,549.0
549,59,60,49,39,45,73,69,76,65,65,39,68,64,550.0
550,,,,,,,,,,0,,,,551.0
551,87,93,70,41,46,91,119,98,94,88,73,87,71,552.0
552,50,66,37,26,44,72,63,56,46,56,30,64,63,553.0
553,56,63,39,28,43,45,79,57,61,59,37,68,62,554.0
554,38,62,40,38,27,69,82,41,32,72,34,70,56,555.0
555,70,90,57,40,43,87,96,86,93,75,67,81,74,556.0
556,,,,,,,,,,,,,,557.0
557,92,78,68,40,41,69,98,86,93,79,67,80,70,558.0
558,39,47,36,37,29,77,79,45,50,57,31,65,50,559.0
559,,,,,,,,,,,,,,560.0
560,64,54,48,31,32,64,61,73,60,52,37,50,49,561.0
561,90,94,71,45,47,76,99,88,92,74,72,80,72,562.0
562,73,76,63,39,43,57,85,87,81,51,63,62,53,563.0
563,86,93,68,42,45,77,113,86,90,82,63,80,66,564.0
564,,,,,,,,,,,,,,565.0
565,,,,,,,,,,,,,,566.0
566,65,84,52,41,41,71,77,72,80,70,52,72,66,567.0
567,79,76,56,32,45,79,98,77,90,71,60,77,69,568.0
568,70,80,55,38,44,72,105,68,66,70,40,70,60,569.0
569,52,64,59,32,39,72,59,64,50,74,42,61,56,570.0
570,62,80,50,34,41,58,70,59,47,64,48,71,65,571.0
571,52,67,53,44,40,62,86,58,64,66,48,72,70,572.0
572,57,92,50,36,42,76,87,69,92,71,60,74,56,573.0
573,79,73,66,41,46,93,113,68,88,88,65,82,60,574.0
574,60,76,55,40,43,80,83,60,79,75,41,70,64,575.0
575,57,66,50,38,42,78,87,72,80,70,49,70,67,576.0
576,80,73,43,40,44,60,83,58,86,80,47,67,56,577.0
577,93,88,63,36,45,85,93,92,89,81,70,83,70,578.0
578,,,,,,,,,,,,,,579.0
579,57,74,38,36,43,56,60,30,44,61,42,55,54,580.0
580,,,,35,29,83,86,,,85,,77,61,581.0
581,,,,,,,,,,,,,,582.0
582,55,75,49,33,43,58,74,68,56,70,53,71,53,583.0
583,50,58,36,38,44,51,51,53,61,52,42,64,54,584.0
584,71,88,48,42,46,55,99,86,91,65,58,81,68,585.0
585,,,,,,,,,,,,,,586.0
586,75,83,53,34,40,81,91,71,85,88,48,78,74,587.0
587,,,,,,,,,,,,,,588.0
588,68,84,52,43,46,79,99,89,92,83,50,85,62,589.0
589,,,,,,,,,,,,,,590.0
590,,,,,,,,,,,,,,591.0
591,73,90,56,40,44,88,95,77,86,74,60,83,56,592.0
592,40,58,32,33,40,50,43,31,21,59,28,63,52,593.0
593,45,60,28,29,41,50,73,31,47,55,15,57,52,594.0
594,62,86,48,41,42,78,85,77,77,72,37,72,70,595.0
595,50,64,40,35,32,50,68,68,72,64,37,72,54,596.0
596,72,87,68,39,41,81,88,85,80,76,57,69,52,597.0
597,88,72,59,37,42,88,87,70,70,86,53,66,69,598.0
598,,,,,,,,,,,,,,599.0
599,33,50,9,28,41,31,37,,,,,,,600.0
600,89,88,70,35,41,85,102,82,90,82,48,78,67,601.0
601,73,81,38,36,42,53,71,63,79,59,40,75,75,602.0
602,77,79,53,45,44,92,102,54,81,86,51,85,69,603.0
603,30,48,32,34,44,51,57,36,30,55,36,57,50,604.0
604,79,86,60,43,42,76,88,83,78,76,54,80,71,605.0
605,81,85,58,40,44,76,80,72,82,82,57,78,73,606.0
606,55,75,22,29,42,76,69,57,71,81,22,75,67,607.0
607,63,60,41,38,31,62,83,62,64,55,47,51,57,608.0
608,80,87,53,39,44,80,93,94,81,79,58,78,67,609.0
609,92,79,48,38,43,78,71,72,71,72,55,65,61,610.0
610,92,92,70,37,45,85,94,87,90,71,61,79,68,611.0
611,84,74,39,36,42,75,64,71,86,73,50,72,65,612.0
612,83,87,54,45,47,77,98,84,86,72,70,79,69,613.0
613,78,95,62,42,44,68,90,71,80,75,63,76,60,614.0
614,71,80,62,46,44,82,105,86,88,72,60,82,57,615.0
615,55,74,43,39,46,83,90,66,58,78,50,75,58,616.0
616,77,76,59,42,42,66,91,89,76,73,49,83,56,617.0
617,85,85,55,45,42,80,114,83,84,78,56,82,60,618.0
618,75,74,38,34,43,76,55,82,82,69,30,62,53,619.0
619,47,76,28,44,40,62,83,49,36,56,39,60,52,620.0
620,72,73,39,30,38,61,55,45,57,54,30,56,57,621.0
621,90,85,64,39,42,75,88,88,87,75,64,73,55,622.0
622,46,66,35,43,45,75,74,58,57,68,42,75,57,623.0
623,,,,,,,,,,,,,,624.0
624,60,57,39,37,44,52,59,52,45,60,29,80,54,625.0
625,,,,,,,,,,,,,,626.0
626,86,92,61,43,44,89,96,77,94,78,57,79,61,627.0
627,71,74,59,40,43,89,83,75,85,80,50,71,54,628.0
628,80,78,60,43,45,79,90,81,92,73,57,75,51,629.0
629,85,76,59,39,47,75,91,82,88,72,46,89,55,630.0
630,74,69,45,37,44,81,86,63,69,75,50,80,60,631.0
631,68,67,47,35,45,66,66,72,71,63,64,78,67,632.0
632,78,85,60,35,44,82,81,82,88,78,61,83,65,633.0
633,,,,,,,,,,,,,,634.0
634,18,16,,18,15,24,5,4,13,,0,27,30,635.0
635,,,,,,,,,,,,,,636.0
636,65,88,57,37,40,72,66,67,91,68,56,78,68,637.0
637,55,64,38,41,40,77,78,62,55,71,44,73,66,638.0
638,,,,,,,,,,,,,,639.0
639,53,64,37,40,41,64,92,46,,60,41,78,49,640.0
640,56,74,36,40,41,77,72,57,27,65,37,63,65,641.0
641,,,,,,,,,,,,,,642.0
642,45,84,31,36,43,57,44,40,28,41,11,70,67,643.0
643,76,86,60,41,41,77,87,75,65,79,47,77,68,644.0
644,73,84,57,35,43,72,80,85,79,61,54,80,63,645.0
645,85,90,58,27,43,55,65,84,82,62,60,88,74,646.0
646,50,63,23,37,44,56,59,,,,,,,647.0
647,92,99,69,49,41,90,108,90,98,88,68,86,71,648.0
648,62,75,61,40,40,71,74,73,65,76,50,77,70,649.0
649,63,73,40,30,40,80,58,67,69,92,56,60,75,650.0
650,45,51,8,35,40,38,49,36,21,45,14,51,51,651.0
651,57,56,34,35,41,75,54,49,50,74,40,70,45,652.0
652,77,60,34,24,43,72,48,54,55,69,41,72,45,653.0
653,61,85,54,40,43,72,86,76,87,82,52,77,54,654.0
654,,,,,,,,,,,,,,655.0
655,65,77,63,42,42,75,95,90,94,79,62,80,54,656.0
656,77,83,71,43,43,85,85,78,89,86,52,77,55,657.0
657,53,64,42,35,31,72,86,,,,,,,658.0
658,74,97,66,46,43,85,103,86,96,79,68,86,71,659.0
659,66,85,58,42,42,83,81,53,86,84,43,83,73,660.0
660,70,68,40,38,44,83,77,63,45,94,35,74,64,661.0
661,79,80,61,30,41,83,65,74,83,83,58,76,69,662.0
662,38,81,18,30,47,15,52,,,,,,,663.0
663,75,88,48,36,40,81,77,58,44,84,40,73,68,664.0
664,55,78,41,27,40,52,66,60,73,67,58,66,69,665.0
665,56,81,27,30,42,59,59,58,60,69,35,78,71,666.0
666,96,98,58,42,46,67,98,98,94,76,52,88,75,667.0
667,83,91,62,45,40,75,92,81,88,84,60,83,70,668.0
668,,,,,,,,,,,,,,669.0
669,69,90,63,39,43,85,74,74,87,86,56,86,74,670.0
670,81,82,55,39,37,72,86,78,88,79,55,82,56,671.0
671,60,63,0,11,40,30,29,,,,,,,672.0
672,24,18,0,27,43,15,36,8,,1,,,,673.0
673,56,56,47,30,25,64,72,45,57,55,30,54,47,674.0
674,53,70,29,34,41,57,71,46,33,55,44,36,58,675.0
675,,,,,,,,,,,,,,676.0
676,,,,,,,,,,,,,,677.0
677,50,56,9,25,45,29,45,36,22,46,16,59,73,678.0
678,79,76,57,40,44,72,73,69,62,47,27,69,49,679.0
679,76,77,50,35,43,67,81,74,81,77,42,72,56,680.0
680,,,,,,,,,,,,,,681.0
681,57,68,51,43,43,66,95,64,81,85,37,82,65,682.0
682,68,65,53,37,44,69,89,74,77,77,35,75,54,683.0
683,68,76,49,34,44,78,85,63,68,61,44,71,57,684.0
684,77,91,51,43,42,68,76,57,81,84,47,78,57,685.0
685,80,87,55,46,40,78,98,71,71,85,50,78,59,686.0
686,87,99,69,47,47,87,109,96,98,90,70,86,59,687.0
687,63,89,29,27,47,42,57,61,80,62,54,82,56,688.0
688,,,,,,,,,,,,,,689.0
689,64,75,57,37,43,70,85,69,79,80,51,73,52,690.0
690,69,75,47,39,44,67,92,86,92,78,53,71,55,691.0
691,80,82,54,28,44,55,68,60,59,57,41,63,68,692.0
692,63,71,56,36,40,76,70,57,78,80,36,68,68,693.0
693,,,,,,,,,,,,,,694.0
694,91,92,70,41,43,83,90,90,78,76,62,87,73,695.0
695,43,70,34,31,43,72,92,50,44,70,38,43,73,696.0
696,61,61,52,31,44,85,59,43,55,69,37,38,54,697.0
697,20,32,4,24,13,9,12,22,6,,0,14,65,698.0
698,31,72,42,41,44,75,96,41,38,72,37,53,71,699.0
699,74,93,64,41,44,79,90,73,88,83,50,86,72,700.0
700,,,,,,,,,,,,,,701.0
701,,,,,,,,,,,,,,702.0
702,69,65,44,35,48,50,88,64,85,80,42,65,66,703.0
703,41,64,37,41,26,61,67,40,49,60,40,58,45,704.0
704,,,,,,,,,,,,,,705.0
705,,,,,,,,,,,,,,706.0
706,74,81,60,37,42,73,87,73,86,86,68,79,65,707.0
707,57,71,53,44,45,76,103,76,91,70,54,92,61,708.0
708,47,69,32,37,44,51,51,37,17,26,36,46,52,709.0
709,51,69,45,31,44,54,75,69,68,65,34,66,52,710.0
710,35,64,44,32,32,70,84,40,49,64,32,55,50,711.0
711,73,75,49,27,44,70,,,,,,80,,712.0
712,,,,,,,,,,,,,,713.0
713,79,85,67,45,44,60,82,83,82,81,59,79,53,714.0
714,76,96,66,39,46,86,120,80,98,90,62,96,59,715.0
715,86,93,68,45,48,68,112,90,98,87,60,95,59,716.0
716,54,61,51,36,44,85,81,67,57,88,46,48,53,717.0
717,64,72,54,38,42,57,110,86,92,89,51,85,67,718.0
718,67,71,63,37,44,80,88,66,95,76,56,55,72,719.0
719,50,53,41,35,43,75,73,45,28,66,25,60,65,720.0
720,36,58,25,35,41,75,35,41,22,76,18,30,61,721.0
721,50,64,45,27,32,69,69,35,54,47,45,50,48,722.0
722,81,96,65,39,46,81,97,82,93,80,59,71,69,723.0
723,80,88,57,41,45,77,111,79,87,86,63,95,74,724.0
724,54,76,46,31,44,75,71,51,44,77,44,37,57,725.0
725,53,73,42,43,39,59,94,45,55,63,45,76,57,726.0
726,62,85,42,41,44,77,64,50,63,75,37,46,57,727.0
727,46,47,21,38,43,61,86,40,35,62,21,69,68,728.0
728,,,,,,,,,,,,,,729.0
729,80,86,56,45,45,80,97,64,81,86,58,89,63,730.0
730,79,78,55,37,47,80,96,79,86,88,60,89,58,731.0
731,,,,,,,,,,,,,,732.0
732,37,56,27,32,44,60,58,51,46,54,24,38,54,733.0
733,84,69,58,40,44,82,106,64,83,87,40,83,65,734.0
734,74,86,65,44,46,70,85,72,89,81,60,84,55,735.0
735,60,76,55,41,45,76,106,69,92,86,54,77,69,736.0
736,62,72,52,40,46,79,89,57,83,72,55,78,57,737.0
737,86,84,68,45,45,77,104,86,86,81,64,91,64,738.0
738,64,64,48,35,29,69,81,20,43,87,31,59,54,739.0
739,71,75,62,38,45,65,91,73,90,82,59,79,74,740.0
740,57,64,47,37,34,75,67,59,63,79,37,65,50,741.0
741,80,74,62,41,45,83,90,84,80,80,43,72,55,742.0
742,,,,,,,,,,,,,,743.0
743,59,59,34,37,43,58,67,40,42,58,30,55,66,744.0
744,,,,,,,,,,,,,,745.0
745,74,81,50,43,44,65,103,76,90,75,37,78,58,746.0
746,,26,37,32,26,16,69,45,38,14,38,61,48,747.0
747,33,66,12,29,42,53,20,14,6,,8,26,63,748.0
748,65,72,59,38,44,68,81,67,95,77,58,87,71,749.0
749,90,89,68,40,46,83,100,61,86,85,43,81,57,750.0
750,35,54,31,31,32,40,54,64,64,64,48,64,48,751.0
751,62,62,40,39,42,76,65,58,51,83,39,74,63,752.0
752,53,55,45,36,43,78,73,57,68,77,51,57,69,753.0
753,85,97,57,41,42,67,83,80,88,80,48,80,48,754.0
754,84,64,47,43,42,79,71,57,87,79,43,68,58,755.0
755,72,65,57,39,41,87,62,71,81,82,50,54,51,756.0
756,80,97,60,47,46,73,116,82,93,83,62,99,66,757.0
757,60,60,39,37,43,73,71,42,45,76,34,35,55,758.0
758,61,57,35,43,42,63,89,66,84,72,36,60,69,759.0
759,45,53,10,22,42,63,30,34,12,57,11,17,46,760.0
760,,,,,,,,,,,,,,761.0
761,45,39,17,25,42,42,21,26,21,31,12,15,45,762.0
762,64,64,48,34,34,25,71,60,64,43,48,43,39,763.0
763,77,76,61,40,42,65,72,45,81,75,52,69,55,764.0
764,59,58,41,35,44,54,40,57,60,20,9,34,60,765.0
765,63,76,39,41,43,56,92,61,92,87,64,63,53,766.0
766,,,,,,,,,,,,,,767.0
767,48,61,32,33,45,66,59,47,31,52,28,53,63,768.0
768,59,66,44,36,46,71,90,59,69,66,45,59,68,769.0
769,59,63,44,40,46,55,85,79,89,76,58,61,51,770.0
770,41,60,37,38,32,76,86,18,40,71,38,52,48,771.0
771,27,68,34,26,42,50,42,31,52,35,30,26,43,772.0
772,92,90,55,41,43,80,85,80,93,83,50,83,69,773.0
773,81,89,56,34,44,78,77,68,72,86,41,65,54,774.0
774,29,40,22,26,14,75,,,,,,30,,775.0
775,99,82,70,40,42,71,98,66,84,79,55,87,58,776.0
776,90,85,62,39,46,78,92,78,74,76,51,85,65,777.0
777,56,67,43,37,43,72,74,38,70,58,43,50,54,778.0
778,36,52,5,29,40,53,58,31,42,57,13,25,64,779.0
779,42,55,16,33,43,58,37,10,21,25,15,38,50,780.0
780,,,,,,,,,,,,,,781.0
781,57,72,48,30,44,71,64,56,49,65,38,53,54,782.0
782,,,,,,,,,,,,,,783.0
783,32,51,30,29,40,50,54,33,26,58,32,33,43,784.0
784,78,78,52,42,41,70,91,74,85,69,56,64,62,785.0
785,50,67,38,39,42,63,74,40,64,67,35,68,59,786.0
786,60,79,51,41,45,57,81,61,79,67,43,61,69,787.0
787,70,74,56,33,43,56,86,76,88,80,51,70,58,788.0
788,67,71,39,34,45,58,67,40,67,49,43,51,68,789.0
789,65,68,30,28,41,69,68,87,62,65,42,45,51,790.0
790,25,55,17,31,38,59,37,27,2,65,11,38,55,791.0
791,74,64,41,29,32,64,64,71,78,59,,49,41,792.0
792,71,88,57,38,45,89,88,71,91,88,58,73,71,793.0
793,72,64,69,23,42,80,76,50,74,83,45,75,56,794.0
794,71,96,47,41,48,59,89,77,89,76,51,93,70,795.0
795,77,85,56,31,45,61,63,68,71,72,38,63,50,796.0
796,,,,,,,,,,,,,,797.0
797,72,85,57,26,44,75,82,80,98,88,53,72,61,798.0
798,62,78,58,43,45,69,107,76,92,83,57,86,63,799.0
799,63,64,43,32,42,51,64,52,77,52,33,55,50,800.0
800,91,87,57,42,44,80,98,86,89,82,65,86,67,801.0
801,,,,,,,,,,,,,,802.0
802,25,43,14,22,42,62,29,18,45,67,13,24,51,803.0
803,27,66,5,22,43,28,18,30,2,8,0,24,10,804.0
804,80,90,64,39,46,66,108,80,92,73,66,76,51,805.0
805,76,75,55,43,44,89,99,83,92,82,56,84,55,806.0
806,,,,,,,,,,,,,,807.0
807,70,92,56,43,47,85,98,78,88,82,60,87,59,808.0
808,89,84,62,40,41,73,96,75,94,82,51,93,58,809.0
809,,,,,,,,,,,,,,810.0
810,63,61,31,34,42,54,59,48,48,58,31,72,69,811.0
811,78,87,67,38,46,67,114,90,93,81,62,93,59,812.0
812,,,,,,,,,,,,,,813.0
813,72,84,57,41,44,78,102,69,82,82,51,76,75,814.0
814,62,74,59,41,47,71,98,78,80,86,60,92,68,815.0
815,65,66,38,43,25,75,,,,,,75,,816.0
816,,,,,,,,,,,,,,817.0
817,,,,,,,,,,,,,,818.0
818,90,75,62,41,46,87,98,86,85,72,63,82,65,819.0
819,,,,,,,,,,,,,,820.0
820,80,87,56,31,41,75,95,79,94,84,63,62,70,821.0
821,,,,,,,,,,,,,,822.0
822,60,77,56,37,43,63,77,68,84,69,49,65,72,823.0
823,56,62,46,35,24,78,76,64,39,68,40,41,45,824.0
824,64,64,44,35,30,49,62,54,67,56,7,69,47,825.0
825,71,85,60,44,45,75,110,66,84,74,46,82,55,826.0
826,52,65,47,35,46,78,91,49,40,86,31,61,49,827.0
827,65,85,64,35,45,73,88,66,78,81,50,66,60,828.0
828,74,78,49,34,45,73,88,54,68,86,40,68,56,829.0
829,59,72,42,36,43,68,72,60,64,70,30,59,62,830.0
830,79,87,62,41,47,79,103,91,92,83,58,77,56,831.0
831,88,91,59,37,45,72,96,76,94,84,66,79,54,832.0
832,59,67,45,22,43,71,69,73,60,73,38,42,52,833.0
833,91,80,59,37,46,30,103,88,56,51,51,71,52,834.0
834,85,89,62,42,44,69,71,71,73,57,43,87,61,835.0
835,75,81,58,46,46,70,112,79,79,86,47,76,69,836.0
836,50,58,34,31,44,42,46,46,35,47,16,46,54,837.0
837,,,,,,,,,,,,,,838.0
838,38,59,20,27,36,29,12,14,16,2,7,16,56,839.0
839,65,78,40,34,43,30,80,66,67,39,44,70,66,840.0
840,55,72,31,29,46,50,65,48,67,67,44,38,46,841.0
841,88,81,54,36,46,86,86,80,75,81,48,82,64,842.0
842,73,74,49,37,44,82,73,67,85,77,52,83,73,843.0
843,70,75,58,38,36,87,101,65,83,84,55,73,62,844.0
844,50,73,31,35,42,65,40,43,27,62,12,53,56,845.0
845,82,85,64,37,45,86,106,72,90,79,67,80,54,846.0
846,74,63,43,34,40,72,78,65,70,82,46,68,52,847.0
847,62,64,35,38,25,51,61,16,54,56,19,57,52,848.0
848,,,,,,,,,,,,,,849.0
849,53,60,35,32,46,78,65,48,72,72,27,66,52,850.0
850,68,45,55,23,44,50,,,,,,,,851.0
851,57,74,38,36,43,69,81,59,46,75,31,73,51,852.0
852,62,74,55,41,46,87,70,69,68,84,37,64,48,853.0
853,37,43,13,33,44,34,32,29,40,33,18,22,53,854.0
854,71,88,50,34,44,57,76,88,81,56,46,60,57,855.0
855,50,54,35,27,43,67,61,35,53,73,30,48,57,856.0
856,,,,,,,,,,,,,,857.0
857,82,83,58,33,42,77,105,78,89,78,43,73,71,858.0
858,70,80,61,40,44,87,94,63,82,85,44,80,68,859.0
859,,,,,,,,,,,,,,860.0
860,96,97,63,41,45,86,111,98,98,84,65,96,65,861.0
861,70,93,63,41,45,71,107,93,96,77,59,93,72,862.0
862,53,,,36,27,66,71,54,57,,,63,56,863.0
863,52,59,41,39,33,71,68,58,70,53,,49,47,864.0
864,81,84,58,38,47,83,98,81,94,87,57,75,69,865.0
865,,,29,,,60,,,,,,,,866.0
866,29,67,12,29,45,26,,14,27,0,,14,22,867.0
867,76,77,53,33,42,63,83,82,79,64,52,53,52,868.0
868,45,49,12,23,39,36,,,,,,32,,869.0
869,,,,,,,,,,,,,,870.0
870,,,,,,,,,,,,,,871.0
871,,,,,,,,,,,,,,872.0
872,31,69,22,34,41,66,53,59,71,63,29,53,53,873.0
873,73,59,53,37,38,70,56,66,72,76,46,47,61,874.0
874,,,,,,,,,,,,,,875.0
875,63,73,52,39,46,69,92,57,85,61,57,86,60,876.0
876,74,82,68,37,41,68,107,84,92,79,62,95,60,877.0
877,,,,,,,,,,,,,,878.0
878,71,66,51,33,46,62,85,69,51,69,52,54,66,879.0
879,80,71,64,34,42,71,82,79,93,82,67,88,61,880.0
880,76,87,59,41,43,62,83,74,92,69,48,98,73,881.0
881,74,94,64,41,44,62,93,78,85,80,62,94,67,882.0
882,87,89,63,44,46,79,106,92,88,83,61,90,75,883.0
883,,,,,,,,,,,,,,884.0
884,69,59,62,32,42,67,77,73,77,72,51,66,52,885.0
885,68,72,58,34,45,51,101,64,84,73,53,66,62,886.0
886,79,87,62,41,48,65,108,90,85,68,57,97,51,887.0
887,63,82,61,42,43,89,90,78,89,85,62,92,48,888.0
888,50,56,29,38,28,50,77,67,62,66,48,57,52,889.0
889,,,,,,,,,,,,,,890.0
890,42,43,35,32,38,57,55,41,71,39,16,55,50,891.0
891,65,71,50,36,45,56,83,62,47,47,44,56,47,892.0
892,72,64,46,40,43,32,95,73,78,57,56,58,58,893.0
893,68,78,44,34,43,54,77,61,66,57,38,54,54,894.0
894,72,89,53,35,45,70,104,81,92,81,61,95,66,895.0
895,51,,,32,33,63,80,64,64,64,48,59,48,896.0
896,64,71,56,39,41,55,101,95,98,74,64,76,60,897.0
897,63,64,48,33,26,65,74,62,51,75,42,45,56,898.0
898,,,0,22,,2,,,,,,,,899.0
899,82,83,46,37,41,65,63,54,66,48,35,72,62,900.0
900,60,46,17,29,32,55,47,45,62,55,16,23,41,901.0
901,66,60,36,34,41,50,53,55,51,59,27,32,60,902.0
902,78,68,62,34,41,82,92,74,90,81,52,85,60,903.0
903,71,67,56,36,42,62,74,80,64,77,47,48,63,904.0
904,57,65,52,37,44,68,59,75,68,53,41,50,64,905.0
905,45,51,18,30,42,39,25,46,58,29,15,24,61,906.0
906,61,77,48,40,44,80,82,60,66,76,42,51,62,907.0
907,,,,,,,67,,,,,,52,908.0
908,,,,,,,,,,,,,,909.0
909,51,55,43,37,32,34,84,64,73,53,41,52,53,910.0
910,50,65,34,39,41,42,64,54,47,78,37,51,70,911.0
911,81,78,58,41,43,80,94,62,65,80,44,79,66,912.0
912,85,71,63,39,45,80,98,84,90,76,59,80,66,913.0
913,,,,,,,,,,,,,,914.0
914,65,60,46,39,41,53,84,65,83,57,36,84,54,915.0
915,71,73,51,36,42,80,78,60,54,76,42,73,59,916.0
916,,,,,,,,,,,,,,917.0
917,81,71,55,41,43,76,82,64,54,65,42,76,56,918.0
918,77,83,46,36,41,61,83,80,87,64,50,52,61,919.0
919,,,,,,,,,,,,,,920.0
920,45,41,14,26,40,43,63,36,34,34,11,37,59,921.0
921,69,80,50,40,47,55,102,83,94,70,48,80,65,922.0
922,70,86,58,46,45,63,108,75,91,72,55,89,66,923.0
923,83,59,58,33,40,61,88,80,81,75,63,54,57,924.0
924,78,72,59,38,42,80,81,79,83,83,48,60,60,925.0
925,65,86,62,38,41,67,95,63,83,70,57,67,69,926.0
926,83,80,53,37,42,60,92,83,87,69,71,80,63,927.0
927,52,60,45,36,37,73,73,60,57,65,35,50,67,928.0
928,59,64,38,40,34,72,75,44,59,76,37,49,54,929.0
929,77,76,62,38,43,65,71,65,82,75,47,72,58,930.0
930,71,93,65,38,44,73,84,85,85,83,45,72,61,931.0
931,89,72,52,36,37,94,88,83,74,88,36,80,61,932.0
932,68,73,45,36,45,68,73,55,79,78,45,67,52,933.0
933,85,83,52,41,45,68,97,90,91,77,63,90,56,934.0
934,71,67,51,37,45,72,60,62,65,68,34,75,71,935.0
935,52,58,40,36,45,50,63,61,63,69,44,48,67,936.0
936,90,85,67,40,46,82,103,84,95,85,66,78,72,937.0
937,70,62,40,45,42,77,82,61,59,67,50,65,64,938.0
938,,,,,,,,,,,,,,939.0
939,94,96,70,41,46,93,114,85,98,90,64,93,69,940.0
940,,,,,,,,,,,,,,941.0
941,84,72,53,43,47,89,99,80,97,87,58,81,56,942.0
942,91,92,62,43,47,75,111,92,92,81,75,93,61,943.0
943,71,69,56,38,45,76,97,60,75,87,62,65,57,944.0
944,81,98,62,44,43,71,99,87,90,83,55,93,64,945.0
945,51,70,41,42,41,85,82,35,48,81,32,63,57,946.0
946,,,,,,,,,,,,,,947.0
947,31,45,18,28,44,35,,,19,42,,35,46,948.0
948,,,,,,,,,,,,,,949.0
949,,,,,,,,,,,,,,950.0
950,84,86,68,42,45,68,104,79,96,77,60,83,52,951.0
951,50,68,26,31,45,59,67,63,32,67,30,31,54,952.0
952,,,,,,,,,,,,,,953.0
953,78,78,57,42,43,86,105,72,94,83,58,94,55,954.0
954,92,77,55,37,47,92,102,89,98,88,64,95,58,955.0
955,71,77,52,35,46,82,67,70,84,79,46,82,52,956.0
956,,,,,,,,,,,,,,957.0
957,88,86,59,33,44,73,80,66,91,74,52,68,58,958.0
958,73,78,58,44,48,65,81,63,84,80,53,88,59,959.0
959,75,76,55,44,47,73,92,61,78,73,53,92,59,960.0
960,92,88,72,44,44,97,110,78,93,87,63,99,56,961.0
961,86,87,66,34,42,93,82,67,84,88,51,80,57,962.0
962,78,78,50,37,43,85,76,72,73,85,54,69,58,963.0
963,,,,,,,,,,,,,,964.0
964,41,57,43,38,46,83,73,53,46,83,35,36,45,965.0
965,70,78,57,41,45,77,113,82,92,74,55,93,55,966.0
966,82,88,63,39,46,86,93,80,85,86,61,90,62,967.0
967,68,87,40,39,46,36,97,69,81,47,46,82,51,968.0
968,73,78,46,40,45,70,67,63,63,78,42,62,58,969.0
969,50,47,32,38,44,67,60,45,53,54,39,59,54,970.0
970,64,70,40,35,47,61,91,70,49,60,41,62,65,971.0
971,58,64,40,31,46,52,100,68,85,80,47,70,52,972.0
972,70,83,53,41,43,79,96,56,82,73,61,74,57,973.0
973,63,83,47,45,47,69,84,75,87,82,50,69,65,974.0
974,71,86,,40,46,80,112,72,73,82,48,81,57,975.0
975,74,83,73,37,47,73,99,74,89,79,59,86,51,976.0
976,39,63,15,21,36,60,35,27,15,32,13,,50,977.0
977,57,65,38,30,44,51,54,47,40,57,35,47,55,978.0
978,,,24,,,,,,,,,,,979.0
979,54,63,23,33,46,43,60,51,31,56,35,46,61,980.0
980,,,,,,,,,,,,,,981.0
981,74,67,58,35,45,78,77,77,79,75,57,74,52,982.0
982,67,62,47,37,44,72,59,70,32,73,42,73,41,983.0
983,75,63,57,44,46,80,71,65,76,76,47,85,65,984.0
984,90,98,60,40,47,87,114,87,98,73,70,98,66,985.0
985,77,98,60,49,44,63,96,69,81,75,46,81,56,986.0
986,87,92,66,34,46,71,89,98,91,77,72,84,62,987.0
987,67,80,56,32,43,65,65,56,71,63,52,84,60,988.0
988,80,82,58,33,42,71,80,81,92,65,47,73,66,989.0
989,70,82,55,39,44,69,82,72,83,69,53,72,56,990.0
990,81,87,66,37,48,76,98,66,89,65,61,87,64,991.0
991,76,87,58,39,44,65,90,62,82,76,57,78,56,992.0
992,50,66,43,33,46,65,82,58,74,75,49,74,73,993.0
993,64,64,48,39,30,63,67,52,62,76,48,58,55,994.0
994,,,,,,,,,,,,,,995.0
995,95,89,55,33,42,70,100,86,90,70,68,95,72,996.0
996,69,67,36,36,47,58,82,59,87,74,63,68,56,997.0
997,45,41,19,26,47,41,40,40,16,49,18,47,55,998.0
998,32,58,34,28,45,60,70,28,37,67,40,38,67,999.0
999,62,64,47,37,28,73,79,53,33,67,36,58,50,1000.0
1000,61,64,41,32,30,51,74,55,61,58,24,70,55,1001.0
1001,96,92,63,39,44,80,100,97,91,77,63,94,59,1002.0
1002,68,70,54,36,46,65,91,67,89,67,51,88,51,1003.0
1003,61,68,35,35,40,53,53,50,52,50,32,59,46,1004.0
1004,61,85,48,39,47,68,90,53,64,78,34,74,68,1005.0
1005,68,74,45,35,39,77,79,62,86,77,46,76,56,1006.0
1006,96,93,67,39,45,89,99,80,95,81,64,80,58,1007.0
1007,65,80,59,36,46,65,94,76,86,75,54,80,54,1008.0
1008,66,76,57,34,43,69,91,63,81,76,49,87,66,1009.0
1009,82,83,65,44,44,79,102,95,93,77,66,94,61,1010.0
1010,72,76,54,38,41,72,90,63,77,70,45,67,57,1011.0
1011,57,69,54,31,47,83,73,72,73,81,63,66,52,1012.0
1012,45,63,56,39,43,69,80,63,79,70,37,69,43,1013.0
1013,67,92,62,34,43,77,84,92,97,79,60,80,71,1014.0
1014,50,59,47,36,43,78,70,40,61,69,42,61,54,1015.0
1015,83,83,53,33,36,60,83,77,93,75,53,65,62,1016.0
1016,89,74,60,30,44,80,65,82,77,72,49,57,66,1017.0
1017,,,,,,,,,,,,,,1018.0
1018,69,83,61,42,45,85,85,76,83,79,44,81,63,1019.0
1019,50,59,41,35,38,71,45,29,50,49,36,72,49,1020.0
1020,68,75,54,31,44,83,89,77,86,75,54,86,58,1021.0
1021,,,,,,,,,,,,,,1022.0
1022,,,,,,,,,,,,,,1023.0
1023,88,87,67,35,40,82,108,93,92,75,62,91,55,1024.0
1024,30,41,18,30,44,56,39,20,17,51,13,32,52,1025.0
1025,74,74,46,39,43,65,75,84,84,59,44,91,74,1026.0
1026,,,,,,,,,,,,,,1027.0
1027,34,58,15,22,42,39,37,18,33,61,17,34,51,1028.0
1028,,,,,,,,,,,,,,1029.0
1029,54,66,41,30,35,71,56,63,56,56,48,66,65,1030.0
1030,55,51,46,32,33,75,79,62,54,80,34,57,53,1031.0
1031,56,52,43,,32,64,65,45,43,59,42,51,52,1032.0
1032,57,50,26,35,43,75,52,36,72,68,24,56,54,1033.0
1033,87,80,56,32,43,92,71,84,68,71,41,66,67,1034.0
1034,68,74,62,34,43,87,,,,,,70,,1035.0
1035,76,85,52,35,46,56,91,64,85,70,53,78,71,1036.0
1036,,,,,,,,,,,,,,1037.0
1037,,,,,,,,,,,,,,1038.0
1038,64,90,63,39,41,78,80,85,82,87,58,82,56,1039.0
1039,,,,,,,,,,,,,,1040.0
1040,30,23,10,27,41,50,20,,,3,,0,,1041.0
1041,,,,,,,,,,,,,,1042.0
1042,,,,,,,,,,,,,,1043.0
1043,17,24,23,33,38,39,34,16,25,6,18,43,48,1044.0
